Gene,UTR_5,nsp1_leader_protein,nsp2,nsp3_Ac_TM1_ADRP,nsp4_TM2,nsp5_3Clike_proteinase,nsp6_put_transmem,nsp7,nsp8,nsp9_ssRNA_bind,nsp10_GFL,nsp11,nsp12_RdRp_YP_009725307.,nsp13_helicase,nsp14_3,nsp15_endoRNAse,nsp16_2,S_protein,ORF3a,E_protein,M_protein,ORF6,ORF7a,ORF7b,ORF8,N_protein,ORF10,UTR_3
COVHA-20200311-P1-D08-P,400807,881190,2789620,7478050,1884398,1747705,1495679,687122,1295588,781170,963211,300315,289734,2549940,2378385,1810246,1091109,4726587,1108036,499691,1050196,458696,664431,382840,915476,3004741,450395,558058
COVHA-20200311-P1-E08-P,130890,307427,1039495,2714729,706195,655114,587005,248652,469826,293729,352102,107646,103362,897813,839298,633439,390080,1697934,387869,179269,368635,160042,233226,130037,302925,1078242,151685,187369
COVHA-20200311-P1-G01-P,213,457,1231,3555,860,655,662,295,482,310,461,117,113,996,994,701,412,1627,415,179,441,162,246,141,315,1215,184,201
COVHA-20200312-P2-B04-P,2179,6243,16967,44165,11211,10558,9469,4165,7917,4879,6247,1995,1932,15290,14635,11476,6759,29832,6912,3226,6196,2589,3287,1516,3453,15605,2382,3219
COVHA-20200312-P2-C01-P,324755,715817,2140167,5821561,1537809,1437039,1184887,539801,1040940,626139,789104,240889,231343,2100144,1984978,1501558,882316,3901553,895474,390325,817676,353331,521711,289950,709846,2453148,360744,450338
COVHA-20200312-P2-C03-P,14854,56500,161240,311489,85544,89910,83020,32614,68775,45454,63535,20957,19941,127856,113295,72812,38098,181216,43248,19923,41199,14343,18854,9456,24638,152482,17599,19365
COVHA-20200312-P2-D02-P,8873,22660,84875,214287,62924,58754,54793,21238,39196,25075,30995,9392,8652,89677,76672,57651,35811,155820,39463,21119,43902,13775,19585,10387,24820,99822,15310,18261
COVHA-20200312-P2-H03-P,70318,159302,494731,1354994,377334,318173,287946,125795,230932,142669,180978,57217,54829,473104,449939,341887,218880,899645,210814,85322,184779,81745,119455,67981,155483,541686,78887,97609
COVHA-20200312-P3-A06-N,15451,33207,106969,283839,81077,58263,56433,26460,42745,31100,36142,10080,9826,95245,93188,75659,46705,204663,48692,19787,46122,19612,25289,14801,34908,120860,19447,24157
COVHA-20200312-P3-B04-N,139309,250008,757799,2029654,549615,477933,412726,186599,350084,212699,265083,83986,81090,694352,661962,494181,315797,1377914,345570,147792,351643,155491,232617,129645,329661,1330870,210165,250774
COVHA-20200312-P3-E02-P,15687,32335,90197,197330,52699,44059,39798,15734,29779,18866,23557,7336,7022,56457,55163,37051,25782,122660,33616,15113,36151,14872,21474,12835,32083,132059,21463,24791
COVHA-20200312-P3-H04-N,495345,723018,2332021,6277118,1691012,1425986,1233898,528390,962273,595209,737317,231201,221905,1913525,1827132,1386399,937810,4023359,1021378,483490,1158882,559104,828272,477456,1223103,4743372,713324,850671
COVHA-20200313-P4-B06-P,3712,8562,26225,77121,21157,18488,15298,7600,14023,7741,9844,3234,3064,27612,27214,21040,12990,50507,11059,4853,9665,4757,6400,3664,8665,25787,4294,5356
COVHA-20200313-P4-D04-P,24971,60067,182747,401755,107016,95527,82708,40130,73033,41225,55921,18077,17718,145271,125091,94765,58324,245300,59393,24562,57460,23950,32848,18035,46345,166302,22027,25950
COVHA-20200313-P4-E05-P,441650,758413,2437456,6844458,1899336,1614998,1396730,615254,1135353,687389,840254,263104,252689,2174288,2119893,1644571,1064900,4526030,1085218,489567,1153819,529182,778355,440173,1086972,4095152,617650,687657
COVHA-20200313-P4-G04-P,559,1216,3418,10278,3100,2411,2139,904,1537,1086,1313,393,367,3663,3264,2693,1600,6734,1544,703,1337,711,1019,701,1446,4872,861,909
COVHA-20200313-P4-H03-P,17989,42072,135374,319837,86860,70392,63605,24318,45359,28148,34350,9354,8937,83781,75474,54648,34051,144107,31262,12019,30231,12335,15936,9793,22205,76087,10655,13101
COVHA-20200313-P5-A03-P,95,171,479,1206,429,254,249,165,213,103,183,58,58,416,361,283,158,822,221,123,161,64,121,77,176,599,79,108
COVHA-20200313-P5-F01-P,45438,145317,353176,742282,194249,200394,159314,75691,145737,89063,120473,38412,36862,259750,242314,168027,95780,463671,115313,45818,110882,42415,56578,27348,73957,433179,53022,61642
COVHA-20200313-P5-G03-P,39273,120085,357453,822912,228300,226371,191232,81944,155381,93015,121581,38319,36672,297367,270701,204951,122563,552507,141355,57398,131500,52173,67154,32553,85960,415928,55161,62876
COVHA-20200313-P5-G05-P,2200,7732,22110,53058,14932,14639,11833,5356,10783,5815,7032,2207,2090,17106,16897,12577,7573,32488,7763,3772,8037,3443,4214,1693,5025,27139,2802,3741
COVHA-20200313-P5-H02-P,657,1687,5248,14692,3544,3800,3389,1396,2696,1919,2228,660,631,4874,4712,3438,2289,9745,2209,719,2097,772,1074,438,1764,6861,927,1093
COVHA-20200313-P5-H03-P,184,281,848,1964,522,410,419,202,360,190,214,74,68,661,672,382,240,1398,384,141,425,216,339,192,476,2152,373,427
COVHA-20200314-P6-A02-P,146873,276035,929794,2588572,633092,550396,468935,223666,411180,229332,274459,80888,77202,832000,755662,580030,346651,1728613,459011,211936,469977,260619,367371,219154,500196,1770381,294434,328489
COVHA-20200314-P6-B02-P,148,458,1555,3720,944,1098,749,487,724,474,553,157,149,1387,1244,921,457,2453,582,182,510,184,419,146,491,2067,271,355
COVHA-20200314-P6-B09-P,656846,1771392,5252872,13392474,3623179,3547955,3045286,1379312,2633860,1647408,2075395,647483,621547,5188591,4816602,3553800,2093398,9363075,2159711,901133,1969089,810145,1087559,562994,1408415,6002617,820069,987817
COVHA-20200314-P6-C04-P,336959,684655,1771072,4600959,1253077,1194468,1034558,481673,978555,604060,765084,243232,233008,1991236,1807237,1313959,756378,3233812,753513,319536,681844,295591,411396,233206,584141,2363990,311382,373464
COVHA-20200314-P6-D03-P,433567,1216729,3073927,6166338,1496945,1449369,1170973,531925,1035463,599285,769300,242431,232531,1694502,1520294,1089302,629408,2850071,675375,294532,674848,250539,367986,198006,531448,2595988,355656,421206
COVHA-20200314-P6-D09-P,195697,514947,1385656,2845886,718550,697072,599702,249804,503634,310282,400969,126291,120668,895375,800361,559391,331647,1497808,362944,158609,370989,144370,205082,110183,292207,1542960,196780,227955
COVHA-20200314-P6-E05-P,1130695,2646431,6346736,12873533,3265627,3073447,2665287,1238789,2346774,1410541,1848812,603057,578807,4278788,3878560,2773139,1592175,7394930,1807674,788603,1796465,725542,1000459,530912,1400536,6496829,882109,977915
COVHA-20200314-P6-E08-P,224854,713404,2011151,4798689,1347387,1402562,1235663,539241,1048964,629471,800345,274650,263154,1803861,1744235,1267683,737456,3422640,787906,322761,700660,283676,339348,155386,400402,2087522,271580,334889
COVHA-20200314-P6-F02-P,2656,5383,17155,43853,14933,11506,11436,4502,9010,5012,5949,1261,1240,15512,15382,12856,8079,31548,7085,2360,6278,3040,3620,2066,4224,17648,2025,2774
COVHA-20200314-P6-H02-P,348,1465,6479,17761,4924,5766,3802,1350,3013,1894,2188,896,859,6006,5877,4766,2709,12337,2597,901,2720,1311,999,485,1437,5261,1115,1219
COVHA-20200314-P7-A02-P,7411,20305,61226,163788,41675,39208,38179,17536,33170,17873,22254,6283,5908,54823,49646,36242,23120,101829,23524,8690,22007,8717,12986,6754,15312,72132,9850,10716
COVHA-20200314-P7-B02-P,148,530,1368,2601,921,980,787,322,624,347,573,162,154,1064,1085,755,329,1784,428,183,463,171,237,120,339,1865,206,189
COVHA-20200314-P7-B03-P,3622,12065,30118,66835,18756,21475,14611,6587,11849,7794,11585,3994,3905,18815,21235,14966,11495,41198,9449,3253,10772,4603,5244,2952,8569,39865,4726,5830
COVHA-20200314-P7-B08-P,23805,72406,194333,376137,102525,97501,84299,35081,72948,42970,62444,19942,18956,126382,119505,87373,42998,219042,55936,21767,54712,20145,27021,12301,38855,237177,27605,32245
COVHA-20200314-P7-C06-P,647011,2110944,6639700,17178813,4676876,4647179,4012285,1776137,3425420,2012273,2457259,759804,725796,6418969,6101011,4519485,2599696,11780658,2671070,1067020,2364756,1007311,1229024,607470,1570944,6979882,995026,1172436
COVHA-20200314-P7-C08-P,6648,13166,38135,97339,25946,21599,20159,8948,16627,9156,11320,3379,3216,29545,28829,21837,13337,63170,15384,5973,14828,6562,9645,5446,12933,54664,8342,9868
COVHA-20200314-P7-D03-P,149484,769266,1905618,3769880,1093192,1067671,1084346,341780,743175,501708,703351,232166,218653,1334694,1314768,1001804,565400,2572003,601599,231669,635769,209649,238532,94766,316167,2433485,278734,355370
COVHA-20200314-P7-D09-P,570,1783,6362,13114,3753,3386,3207,1285,2760,1656,2246,584,559,4735,4493,2745,1670,8656,2043,802,2093,803,1081,468,1258,8950,1058,1235
COVHA-20200314-P7-E03-P,1144,3317,7938,16700,4770,4753,3798,1754,3532,2067,2559,806,778,6164,5635,3942,2141,11356,2915,1130,2788,920,1471,740,1938,10283,1380,1629
COVHA-20200314-P7-E04-P,1930,5970,17350,40344,10936,9944,8513,3930,8026,4441,5414,1748,1639,13906,12376,8879,5205,26315,7252,2667,6378,2261,3495,1940,5200,23662,3513,3767
COVHA-20200314-P7-E08-P,457,2340,6670,14851,4127,4577,3983,1374,2962,1844,2340,715,694,5262,4816,3814,2127,9485,2430,811,2110,709,921,440,923,7714,1121,1137
COVHA-20200314-P7-F04-P,17218,42446,138015,357099,95593,89362,76848,34969,65719,37523,42232,12217,11722,122169,113654,87334,50968,225214,52530,21627,45373,20902,29605,16679,39394,146719,22936,25213
COVHA-20200314-P7-F05-P,2478,7441,21619,50276,14588,14898,13745,5638,10886,6687,9360,3104,2919,19507,18479,13151,7923,33668,7771,3105,6632,2423,3481,1838,4690,21992,2666,3286
COVHA-20200314-P7-H01-P,154439,367421,957579,2116922,541486,553014,480178,210588,424328,264653,343103,108131,103039,818216,715937,524487,292989,1378557,350157,154736,350344,141979,190574,97266,295709,1634289,197054,231536
COVHA-20200314-P7-H02-P,217,523,1314,3653,1129,1203,833,379,653,500,696,222,218,1733,1417,1019,711,2564,423,168,422,185,271,96,375,2575,253,271
COVHA-20200314-P7-H03-P,5234,17481,46280,110270,32489,29847,28863,11287,21884,14649,19868,6316,5998,43352,39856,28712,16961,76579,18869,7846,17325,6568,8270,4063,10797,62382,7209,9323
COVHA-20200314-P7-H07-P,15981,55817,154218,302871,82290,80804,70359,27222,55726,35062,44908,13866,13179,91913,86086,61889,35063,161607,38109,15729,37193,13533,17517,8771,26360,162622,19391,22242
COVHA-20200314-P8-D02-N,259,813,1888,4277,1199,1396,1469,644,908,874,742,193,183,2067,1970,1266,772,3413,823,426,803,252,367,194,472,2980,365,398
COVHA-20200314-P8-E03-P,21767,63473,181598,482331,127167,118568,100967,42632,85771,52419,66033,19884,19002,174873,160198,121728,76633,339719,80300,34075,73110,32933,39192,19845,46814,184924,26947,32341
COVHA-20200314-P8-F01-P,130169,312830,885683,2177827,592685,566594,469244,223693,429131,253571,321419,104929,100487,833887,755388,562811,327992,1508104,393122,151597,379403,156675,216013,117960,312328,1355545,187927,219048
COVHA-20200314-P8-F03-P,496492,1726218,4818979,11154976,3163027,3246391,2625225,1213952,2310644,1353098,1766053,564200,539166,4138390,3939887,2863099,1622386,7678447,1880871,711958,1757407,666353,878295,428114,1126736,5288963,696284,781140
COVHA-20200314-P8-G01-P,706,2123,7219,14826,4451,4520,3972,1511,2777,1755,2037,413,413,5192,5371,3943,2330,10053,2348,950,2040,771,1214,650,1657,6666,1122,1061
COVHA-20200314-P8-G02-N,1282,3566,11414,22289,5708,5759,4584,1866,3667,1882,2452,733,711,5814,5541,3905,2561,12061,2630,1089,2812,989,1580,885,2280,7251,975,1047
COVHA-20200314-P8-H06-P,69554,144701,374038,769648,176628,168002,151459,70047,134694,82711,90221,27095,26190,238183,208770,155652,85952,403057,95278,42947,104648,52632,67939,37686,104712,471831,64797,81745
COVHA-20200314-P9-A05-P,20990,42657,129286,351634,90422,81205,74358,35255,62158,36714,47077,15016,14389,123152,113945,86886,56938,235210,56621,25088,55718,25084,34335,17642,40670,147906,23099,29865
COVHA-20200314-P9-A08-P,306878,486494,1433341,3857735,1034465,883031,793706,358790,646201,382622,474303,153098,147684,1258347,1149075,899105,572191,2417096,581921,267232,593615,281931,449464,263336,604618,2240651,347107,432205
COVHA-20200314-P9-B05-P,31367,70972,213222,534514,139881,131232,109545,49834,93975,56094,69024,22083,21327,178511,162482,124249,72968,297949,67866,30468,65062,27440,39401,21900,54541,200887,27150,32785
COVHA-20200314-P9-B06-P,97034,218909,667003,1863985,520546,494765,430809,198648,364850,219762,273512,86187,83213,707970,649018,490866,299617,1215291,262330,114093,233694,102204,146288,83210,198963,673180,95249,116243
COVHA-20200314-P9-B08-P,2662,4981,15443,39500,10119,9214,7657,3395,6385,3535,4730,1430,1383,11667,10358,7595,5092,20948,4159,1944,3512,1881,2637,1671,3658,10907,1795,2120
COVHA-20200314-P9-B09-P,331532,622785,1801837,4070320,899372,809128,680838,297902,614144,320309,384705,120198,116025,941651,842077,703966,376541,1687859,405478,215462,413642,199780,300706,187380,483397,1728138,256340,321305
COVHA-20200314-P9-D03-P,44900,75981,218366,596022,159937,141237,126757,56905,103750,60286,76559,24227,23387,195975,178161,135518,86017,350425,80193,35422,77061,38358,57046,32296,81607,291788,43420,53968
COVHA-20200314-P9-E04-P,2257,4899,14465,42258,11228,10125,9031,4121,7515,4483,5444,1771,1712,15123,14158,10780,7232,29548,6919,2813,5470,2546,3760,2104,4400,14149,2434,3273
COVHA-20200314-P9-G04-P,14342,29008,88092,218640,53944,49849,43938,19044,36530,21511,27275,8865,8583,67761,57609,44941,27577,118677,26859,12302,24317,10777,16147,9593,22570,78623,11318,13398
COVHA-20200315-P10-A02-P,508,782,2267,6563,2000,1680,1491,594,1181,640,826,279,272,2493,2034,1848,1079,4788,1110,488,940,374,657,427,956,3489,557,681
COVHA-20200315-P10-A05-P,595,1816,5585,14342,4589,3398,3442,1405,3103,1897,2173,832,813,5042,4646,3181,2176,9779,2096,1024,2132,880,1494,622,1624,5957,1088,1324
COVHA-20200315-P10-A06-P,3529,9054,26301,67039,19015,17005,14802,6382,11871,6893,8873,2734,2643,23018,21561,16853,10075,42420,9375,4150,8757,3662,5314,3237,7628,25595,3846,4616
COVHA-20200315-P10-A12-P,564,1292,4428,10972,4227,3185,2930,1071,1898,1074,1113,300,300,4869,4226,3243,1899,9033,1805,952,1706,630,1080,564,1334,4188,751,1195
COVHA-20200315-P10-B03-P,166054,267944,804961,2306578,614820,533862,476883,204945,378402,217592,267951,80971,77468,734019,703654,534483,345780,1494508,349921,166620,342170,165093,270847,156308,340005,1110991,171225,224874
COVHA-20200315-P10-B07-N,233,576,1796,3898,1429,857,805,325,871,378,400,83,83,1611,1502,1047,530,2719,577,253,824,356,489,210,588,2344,371,422
COVHA-20200315-P10-B08-P,650604,1115447,3420188,9704474,2544918,2164252,1941205,860516,1578522,917532,1148325,367901,355300,3038054,2809044,2222600,1406704,6061121,1400831,647450,1356916,637792,967001,573496,1328688,4330118,685786,882582
COVHA-20200315-P10-B11-P,1227,2341,7183,19055,5517,4901,4508,2079,3437,1937,2494,811,770,6922,5935,4602,2927,12947,2955,1356,3084,1120,1768,1045,2734,8610,1407,1773
COVHA-20200315-P10-B12-P,23369,38389,112728,313896,84714,70833,64531,28415,51769,30955,38124,12244,11811,103019,95624,76659,48470,206800,49112,23139,52639,23141,36642,21271,50463,177914,28786,36254
COVHA-20200315-P10-C03-P,172,287,835,2140,492,451,684,265,289,152,223,78,72,644,663,602,309,1353,432,95,226,141,219,93,244,1186,99,141
COVHA-20200315-P10-C04-P,124481,226996,640209,1740055,485309,440903,368562,173326,310232,184159,229145,73950,71465,609401,590490,452708,289473,1262492,306848,131470,303323,136970,194617,103463,253400,945996,154156,202261
COVHA-20200315-P10-C09-P,460704,570551,1869943,4604384,1141738,993254,855045,384192,638291,393162,510717,171542,166009,1317008,1233014,935737,575645,2631280,721413,360324,823598,470568,695221,323067,1024300,4279611,666201,870922
COVHA-20200315-P10-C11-P,288,664,1934,4941,1292,1301,1033,471,763,493,748,264,260,1852,1754,1247,718,3347,717,334,691,348,457,271,598,2270,364,454
COVHA-20200315-P10-D06-P,30312,68310,195259,439087,104380,110571,85579,38918,77536,46475,57332,17678,16946,138306,124068,93091,51101,245596,56141,26354,65036,30719,39583,21508,60768,295472,42348,51264
COVHA-20200315-P10-D09-P,17313,38448,135779,333880,90898,91706,75416,36667,69582,43284,61298,19899,18744,129527,115576,84361,46738,213125,46234,21546,47423,20399,30087,14269,38473,153725,19364,20745
COVHA-20200315-P10-D11-P,127988,267983,731178,1963722,507443,484638,403743,191324,356861,219708,290345,95684,92177,716666,687874,516913,303259,1360636,333735,136236,307433,139918,185351,87333,237636,1014795,155005,200651
COVHA-20200315-P10-E02-P,7730,15961,49711,119263,31264,28765,23337,10458,19324,11382,14083,4566,4424,34556,31609,22712,14151,62391,14955,6468,14933,6507,10155,5460,14628,56923,7719,9422
COVHA-20200315-P10-E06-P,5140,10304,31229,80172,21917,19802,16601,7442,12699,7727,9880,3498,3321,24713,23287,17632,10572,44565,9269,4368,9515,4153,5436,2705,6950,27578,3649,4224
COVHA-20200315-P10-E07-P,614837,1099907,3306824,9043541,2418235,2246945,1874889,906428,1688260,1007639,1263480,403010,388307,3371159,3083474,2348794,1415673,6045193,1463553,640048,1393582,641237,941129,525748,1373465,5172887,761903,927465
COVHA-20200315-P10-F04-P,240127,539457,1614598,3891867,977667,908046,748715,338486,621723,385948,489532,158365,151885,1196702,1093003,810338,483801,2165851,512417,229667,482103,214767,299493,142568,381767,1483716,198366,249379
COVHA-20200315-P10-F06-P,862,1623,8587,21884,6413,6274,6176,2365,4771,2500,4231,1556,1510,8180,8848,6685,2736,15703,4469,1653,2897,1216,2103,1375,1996,8465,757,1179
COVHA-20200315-P10-F09-P,14952,38160,111545,305924,92496,80428,69467,30200,52487,35265,42053,14584,14181,117185,106512,83817,46811,218864,54545,24620,43956,20639,32021,13118,31382,117967,17378,20872
COVHA-20200315-P10-F10-P,525925,997301,2869817,7324201,1786795,1614410,1325629,612680,1200039,656428,817091,263005,253887,2134223,1940136,1491315,842049,3763693,914181,466441,887679,439354,612456,332714,992953,3510193,535525,687242
COVHA-20200315-P10-G05-P,5783,18661,55524,160245,43378,41264,35325,15110,31487,20512,24906,8611,8465,60387,50878,38557,21982,102349,22160,9245,22182,11134,11596,3521,9988,43862,4511,7224
COVHA-20200315-P10-G06-P,519074,1329479,4157855,11181217,3156140,2940627,2504880,1133288,2008241,1187226,1503136,484233,466010,3926626,3720486,2870960,1783060,7563809,1770064,730082,1586109,702709,947082,467037,1144131,4037727,611704,773307
COVHA-20200315-P10-G10-P,36173,82565,248547,646884,193693,181227,148961,71996,128971,74126,93476,28963,27934,248173,231953,169695,102016,447212,106788,44179,95411,40019,62745,35780,87727,291264,44481,51890
COVHA-20200315-P10-G11-P,21633,46006,145415,390107,110311,102515,84660,37968,68365,41243,49878,15629,14996,130064,122488,95356,58610,246726,56948,25296,58448,26692,37732,18998,50421,186438,25291,29258
COVHA-20200315-P10-H01-P,170,404,873,2221,559,703,495,229,439,241,369,169,159,851,834,637,343,1499,416,185,397,142,228,81,196,855,167,191
COVHA-20200315-P10-H04-P,4545,9778,25140,64843,16978,16469,12835,6404,11801,7244,9467,3051,2990,23243,22232,16762,9803,45344,10595,4190,9913,4272,5982,2981,8377,33053,5291,6869
COVHA-20200315-P10-H08-P,875,2484,7033,15936,4308,4695,3832,1510,3174,1871,2498,786,747,6129,4862,3998,2224,9165,2026,889,1867,733,1007,623,1353,7925,1042,1169
COVHA-20200316-P11-A03-P,230479,534691,1554549,4154471,1079380,1060331,887375,411122,758287,452424,581111,189374,182273,1518328,1431536,1058192,636684,2822161,685876,315708,739914,329790,436178,210177,539932,2183708,294603,360283
COVHA-20200316-P11-A06-P,50126,118198,368853,888346,218274,203327,169675,74706,130174,78142,100519,32822,31558,235621,220250,158726,95000,409112,93641,43867,91659,42936,57770,26733,74578,289528,41653,51281
COVHA-20200316-P11-B03-P,15439,30610,90958,243476,64426,64684,55359,26461,46852,28935,39748,12547,12141,96885,82893,56808,35287,152900,35546,16817,33873,15254,23303,12018,33776,141396,17998,21425
COVHA-20200316-P11-B04-P,488284,1196765,3559258,9453358,2518189,2379314,1983613,883690,1638522,1003534,1284210,422162,406977,3300660,3240926,2357891,1399533,6299663,1449584,619887,1323963,603406,796148,378466,987541,3759881,548431,662441
COVHA-20200316-P11-B07-P,67979,139105,412290,1127682,285149,287881,234782,110819,209994,124912,158415,51254,49814,427091,387144,290669,161670,768001,181255,81714,167679,80853,109895,55439,148190,564568,81572,103184
COVHA-20200316-P11-C03-P,39734,88929,280171,808930,221103,197943,171509,75005,134385,82012,100917,32661,31501,283378,275657,208247,127960,558613,128015,58637,118448,58829,83150,41090,100641,336597,52109,66675
COVHA-20200316-P11-C04-P,102099,272272,880521,2541695,797638,688531,625360,249038,418866,262135,318846,102811,98992,857754,828772,618470,408301,1718787,378737,165266,352048,156477,224228,112868,263993,864431,127665,149680
COVHA-20200316-P11-C05-P,316,602,1972,6280,1750,1158,1236,618,1016,722,823,295,291,2045,2278,1489,872,4240,960,405,661,343,474,266,620,2184,317,427
COVHA-20200316-P11-D01-N,1856,3690,10874,30509,7802,8067,6303,3133,5542,3275,4380,1475,1434,11736,10160,7920,4040,20174,4654,2207,4563,2331,3214,1596,4236,14747,2217,2666
COVHA-20200316-P11-E04-P,92347,139456,434552,1141247,313696,261554,254696,100308,183407,110192,138958,42013,40259,362715,351055,276829,173772,772730,200762,91671,231573,112314,155553,85065,212091,869008,114953,145498
COVHA-20200316-P11-E05-P,55490,142941,457898,1215582,339867,310695,286092,122605,225314,137910,170373,56338,53662,417662,408674,316671,195400,874856,197047,84422,188776,79925,103996,53526,130316,533589,68148,90214
COVHA-20200316-P11-E09-P,533,1012,3268,9699,2704,2483,1847,968,1975,1087,1292,463,446,3546,3073,2123,1451,6468,1356,711,1405,600,914,577,1167,4757,778,914
COVHA-20200316-P11-F04-P,216421,494651,1347526,3358279,916120,890300,740854,339095,639458,364931,466522,146392,140811,1165385,1130696,849433,500145,2258930,545737,229990,558582,224171,325325,172715,454390,2040222,286629,334094
COVHA-20200316-P11-F06-P,667657,1325055,3469931,8353106,2082805,2032632,1536531,783998,1477873,872517,1095668,339220,328040,2706050,2504833,1809559,1043848,5150775,1261796,519889,1195290,512868,764815,414123,1132721,5234608,685707,845259
COVHA-20200316-P11-F07-P,317783,631653,1756381,4988556,1345117,1192788,1063613,474700,892461,543400,660885,209697,201804,1795453,1671760,1312827,816139,3476531,811983,351910,751732,353974,479890,261875,624176,2326601,350519,453402
COVHA-20200316-P11-H06-P,422,1100,3075,7245,1971,1954,1952,776,1564,1005,1364,436,418,3318,2865,2070,1187,5155,1134,505,1101,376,509,261,792,3688,448,534
COVHA-20200316-P12-B04-P,390863,744553,2273495,6240448,1747361,1609935,1403615,645716,1254565,767704,946415,294470,282369,2596684,2305030,1776071,1089418,4622827,1152596,503332,1118874,485656,711347,436416,1071358,3926302,570837,694589
COVHA-20200316-P12-C01-P,47340,108376,359279,849901,241119,216767,194342,81625,144357,79635,98485,30951,29651,252831,246027,185385,119809,504317,119542,50485,126486,49760,73466,43090,102620,395474,56116,62607
COVHA-20200316-P12-C04-P,7208,18002,51720,131526,40269,37406,31659,15046,27000,14798,18925,5882,5653,48661,47668,36804,22693,93602,23041,9481,22873,8378,12245,7551,18392,65989,9619,11694
COVHA-20200316-P12-C09-P,773,1767,4766,12376,3181,3418,3068,1294,2425,1643,1888,594,574,4534,4341,3584,1939,8540,2098,929,2149,899,1292,808,2022,7354,841,1022
COVHA-20200316-P12-D02-P,2553,6753,21847,58368,17191,16107,13826,6007,10977,6427,8057,2561,2451,22069,21078,15036,9516,41588,9290,4101,8645,3723,4853,2662,6221,21989,3250,3951
COVHA-20200316-P12-D08-P,310408,699430,2022108,4882634,1233458,1123456,949123,417209,804696,477228,591245,184437,177153,1431287,1335331,991457,585147,2545655,600528,267162,597906,256200,364107,202777,541929,2387518,340796,397840
COVHA-20200316-P12-D09-P,18184,39248,122460,305078,80873,75179,62481,27100,50323,29380,36828,11594,11140,92188,87958,65433,39883,173467,40076,17742,42463,18214,27497,16268,40388,155406,22249,25637
COVHA-20200316-P12-E01-P,3912,8661,26160,67394,20291,18934,16802,7139,12746,6944,9390,3024,2874,23219,22876,16146,10184,47394,11669,5034,11848,5011,7863,4449,10669,41500,5674,6575
COVHA-20200316-P12-E06-P,347347,473148,1334159,3229937,821473,737363,634155,282702,642746,327929,380385,113968,110288,972353,895200,756828,394339,1984072,541535,282970,628150,278468,474984,332113,876871,3571292,524174,645983
COVHA-20200316-P12-E09-P,518,1168,2893,7616,2071,2029,1769,810,1509,861,1056,338,325,2687,2508,1762,1075,5074,1201,467,1189,404,691,424,1086,3889,583,772
COVHA-20200316-P12-F01-P,9945,10915,31991,86609,23167,19838,17522,7644,14495,8309,9789,3208,3088,27431,26044,20610,13156,59506,16320,7840,18252,9000,14504,8478,21243,88377,13876,17986
COVHA-20200316-P12-F02-P,8384,13880,44318,120162,35910,33082,29745,12518,25186,14710,18573,6167,5844,49029,44490,33950,20388,82902,20241,9360,20294,8412,12575,8006,20034,83009,11178,13444
COVHA-20200316-P12-F03-P,739,1787,5362,14165,3857,3579,3056,1142,2530,1447,1754,461,450,5210,5393,4258,2369,10186,1979,835,2036,889,1422,824,1943,5532,962,1063
COVHA-20200316-P12-F07-P,411884,1109152,3263681,9061429,2563834,2212950,2026472,843654,1580517,958381,1169084,369938,354391,3065947,2985866,2355834,1485871,6012452,1318877,559449,1230135,531424,710070,374479,851888,2988608,461791,588855
COVHA-20200316-P12-G01-P,7800,20460,58202,155531,44092,40281,35852,15982,29703,17377,22426,7242,6977,54779,54104,41835,24810,105859,24128,9480,21146,9033,12099,6700,15581,53552,8467,10724
COVHA-20200316-P12-G02-P,24087,72288,227194,568054,157032,139569,128213,54453,113029,70653,84238,26576,25469,192950,171503,132227,72843,356489,74587,32860,69041,25104,44050,22244,49870,193738,28373,32685
COVHA-20200316-P12-G03-P,61911,148449,463715,1141871,310500,292674,246439,116906,215233,126194,157658,49154,47286,395784,368542,287213,172066,783180,192426,82369,184591,75944,114861,65972,160606,595120,92090,114324
COVHA-20200316-P12-G06-P,35210,96929,319432,705841,166036,155317,142882,60959,110891,63562,79920,27036,26491,180801,176620,139102,92081,336769,57666,28480,56918,24527,39302,18999,44784,153359,24761,31363
COVHA-20200316-P12-G08-P,4784,8628,31109,82546,24162,20564,19741,7665,14420,8275,10274,3375,3219,25724,26000,20103,13434,53059,11732,4397,11522,6238,8666,4958,10272,36786,5103,6401
COVHA-20200316-P12-H01-P,17908,40621,131002,321830,86107,81270,68512,33171,59499,34916,45175,15261,14680,108931,104864,77157,46004,199374,46228,20817,43535,19224,27423,15764,38061,140402,21618,26108
COVHA-20200403-P1-A02-P,7274,23947,71928,146153,38755,35820,28142,13794,24032,13843,21661,5997,5881,46219,37575,27053,13494,69683,15940,7014,16771,6877,7515,3986,9399,59901,7162,8642
COVHA-20200403-P1-A03-P,108138,264947,777154,1875170,523001,470210,413026,174814,335918,202957,253774,82180,78698,593202,604570,467083,281036,1245872,301685,124629,325676,129349,171119,87635,237196,1111031,152259,175290
COVHA-20200403-P1-B03-P,730124,2379172,6984578,17163727,4791879,4515307,4023685,1696822,3252464,2010653,2515617,778343,738026,6044173,5732667,4218910,2532453,10894977,2492996,986399,2300046,922915,1189773,632280,1570049,6547007,804443,948889
COVHA-20200403-P1-C03-P,24202,123596,309598,624422,166347,209971,169054,58638,146876,99506,119669,34586,32307,288516,248291,186624,88709,466101,97130,41978,116474,42623,46883,22071,66991,427440,43752,48707
COVHA-20200403-P1-C06-P,1174,5460,20920,53683,16605,18183,14850,4631,12954,6419,6460,1885,1885,15362,22013,16638,8714,41784,8212,3987,10887,4568,4809,3050,7913,29692,3573,4245
COVHA-20200403-P1-D01-P,1851,6284,20026,43034,11577,13987,10528,5602,9941,5020,6447,2009,1989,16016,16401,11358,5854,29493,6556,2362,7091,2505,2670,1167,3932,17776,2653,2678
COVHA-20200403-P1-D02-P,16671,45796,147284,362643,97805,96760,89060,43085,80767,50229,57638,13104,12606,138951,133020,107008,63744,254216,51719,20637,47180,20291,29610,17199,36674,166730,19558,26217
COVHA-20200403-P1-D03-P,409727,1302220,3826418,7728052,2022436,1941312,1597618,682454,1289914,759736,971034,301973,289280,2110021,1941028,1399324,819419,3529570,818270,334334,821267,316264,428286,225085,595918,2919592,341978,375915
COVHA-20200403-P1-E03-P,23246,75150,216025,476480,129113,124879,115141,46858,89336,54023,70286,22327,21159,168780,162124,121025,70425,331055,86762,35398,85642,33701,43388,20172,57049,293535,37662,43913
COVHA-20200403-P1-F01-P,13354,32870,89925,197996,52089,46015,41432,16742,34020,22362,27771,8630,8299,61323,55736,43536,24355,117048,27267,12411,28412,11806,15280,8552,21760,102238,13151,15773
COVHA-20200403-P1-F02-P,59557,174213,461380,976115,289105,296193,241890,101691,203977,120467,160249,49775,47294,350796,355865,255810,149027,716022,191345,74467,212279,75242,99759,47619,137776,783733,97761,111159
COVHA-20200403-P1-F03-P,81371,271285,841682,1950806,534635,523399,493996,191506,403754,254962,317826,104011,98174,740447,657681,498720,289771,1329533,318640,126418,327158,118873,146604,69054,200118,1050361,117468,132969
COVHA-20200403-P1-G01-P,10465,34196,103471,256548,78048,66231,64777,30142,49930,26019,33866,9991,9211,76530,91622,67068,39610,153383,26860,10132,36023,8963,15606,8964,21763,88469,8507,8505
COVHA-20200403-P1-G02-P,1194731,3398682,9616193,21471530,5722547,5502903,4605708,2058657,3958640,2390224,3077869,1012162,967352,7181402,6451659,4686837,2711746,11597817,2684081,1085259,2442764,947809,1304418,696638,1783405,7733340,901522,1078197
COVHA-20200403-P1-G03-P,7175,20381,59091,137158,39215,38053,32483,13973,25809,14962,20376,6262,6007,50093,47133,36045,21363,102291,24270,9413,22565,8786,11267,5468,15029,75012,10572,12847
COVHA-20200403-P1-H02-P,43153,119332,329553,753852,196373,183092,159681,70777,177847,84345,98425,29755,28356,237670,203633,183314,86256,379038,88371,48775,90764,36789,49781,31411,83338,398103,53999,58662
COVHA-20200403-P1-H03-P,593261,2149466,6442062,16197221,4420069,4510336,3870282,1587277,3273431,1991501,2339368,686101,653385,6276612,6125661,4543522,2426391,11723321,2502376,1076421,2481177,1094912,1340028,687371,1683705,7444451,969955,1119465
COVWC-20200312-P2-E02-P,68,410,1270,2934,1190,811,664,172,660,418,276,123,122,868,929,835,421,2068,556,99,299,113,122,90,224,1350,159,117
COVWC-20200313-P4-C01-P,256721,972803,3060760,7279552,1878228,1637755,1723472,682285,1257109,819112,996353,301172,287252,2207606,2092064,1554603,1087444,4038502,974870,388418,920684,394904,496587,273964,611199,2893796,385117,374926
COVWC-20200313-P4-D01-P,12866,51185,160096,401040,103575,91206,97552,37538,71368,46406,57362,17092,16302,132989,125889,96921,67559,249590,61613,23691,56631,23473,27936,13967,32750,164729,22740,23368
COVWC-20200313-P4-F01-N,31,202,613,1396,380,393,383,127,261,163,211,64,63,438,360,419,264,943,217,86,179,79,94,58,119,626,64,72
COVWC-20200313-P4-G01-N,55,185,519,1218,396,295,378,115,219,132,168,49,48,417,348,321,222,884,195,61,197,81,89,45,91,536,63,81
H2HTFDSXY-1-IDUDI0035_S7_L001,1499376,3757771,7707544,23404535,4819210,4354907,4342823,2025306,5019172,3046033,2378896,862496,861895,9768055,7833767,5071680,2620087,15745809,3268092,1716190,4006483,1978335,2603758,1369532,3490723,10069005,2225497,2519748
H2HTFDSXY-1-IDUDI0038_S8_L001,132739,273819,711954,1949976,581669,557457,330132,179344,406166,267665,271640,129921,123846,845276,745615,563649,297036,1405856,225139,113659,286649,134693,213171,122450,319615,1012927,143406,159827
H2HTFDSXY-1-IDUDI0040_S9_L001,0,442,6084,11206,0,4698,5927,1996,4785,1526,4642,0,0,3908,4251,3478,9171,2957,5649,0,0,0,3,3,4148,5260,1266,6325
H2HTFDSXY-1-IDUDI0041_S10_L001,0,13012,12554,42477,10366,6760,7879,2708,7952,3018,4600,3536,3536,31782,9664,5604,7937,25982,4,0,8191,2621,7261,10065,14130,11514,1929,6825
H2HTFDSXY-1-IDUDI0043_S11_L001,1206995,2041601,4887161,15401585,3478880,3590717,3279638,1360659,3601079,2023609,2112992,658620,644462,7447964,5386523,4817304,2633543,10487607,1981913,1108900,2652395,1581574,1962814,1311423,3226945,8178731,1583068,1581746
H2HTFDSXY-2-IDUDI0033_S19_L002,214889,430858,1101745,3268016,848435,738829,647562,287333,600068,374592,424288,137282,132509,1378252,1132023,863390,526574,2395034,516207,233645,508830,272386,366691,215647,481381,1350902,203594,212434
H2HTFDSXY-2-IDUDI0034_S20_L002,9290728,19878554,47112600,145286389,36295666,32371120,27953807,12656196,26968978,16373013,17805295,5651911,5482411,60666676,49317820,38131659,21955370,99254856,19844408,9076925,21393163,12201509,15030444,8367762,19205898,54181105,8819375,9216681
H2HTFDSXY-2-IDUDI0036_S21_L002,92451,185457,417468,1183513,271978,233145,194145,86330,190110,113257,121590,38265,36994,387207,296619,231728,133404,566827,109185,47622,118895,67103,84266,46674,112202,300815,42978,44431
H2HTFDSXY-2-IDUDI0037_S22_L002,531774,757587,1835982,5517151,1451150,1276638,1079746,488182,1055744,646571,719115,227706,220481,2473796,1955505,1420639,879582,3998835,895453,420033,1007708,541969,766717,463781,1175670,4220963,652645,658222
H2HTFDSXY-2-IDUDI0039_S23_L002,2757,5420,13723,46806,10633,8932,8930,4027,10744,5495,5979,1594,1535,19363,15115,12841,6914,32032,7939,5254,7215,3316,4629,4433,10651,21970,2725,2698
H2HTFDSXY-2-IDUDI0042_S24_L002,13367,24956,60586,167351,43771,40131,34404,15241,32927,19848,21695,6031,5879,80177,60453,43592,25051,124884,27104,12968,30862,16677,20869,12295,30661,94754,14441,16457
