"","X5_UTR","nsp1_leader_protein_pp1a_pp1ab","nsp2_pp1a_pp1ab","nsp3_Ac_TM1_ADRP_pp1a_pp1ab","nsp4_TM2_pp1a_pp1ab","nsp5_3Clike_proteinase_pp1a_pp1ab","nsp6_putative_transmembrane_domain_pp1a_pp1ab","nsp7_pp1a_pp1ab","nsp8_pp1a_pp1ab","nsp9_ssRNA_binding_protein_pp1a_pp1ab","nsp10_GFL_pp1a_pp1ab","nsp11_pp1a","nsp12_RdRp_pp1ab_YP_009725307.","nsp13_helicase_pp1ab","nsp14_3","nsp15_endoRNAse_pp1ab","nsp16_2","S_protein","ORF3a","E_protein","M_protein","ORF6","ORF7a","ORF7b","ORF8","N_protein","ORF10","X3_UTR","orf1a"
"COVHA-20200311-P1-D08-P",0.0208821676019974,0.0189592950160457,0.0206658804759116,0.0224235953033851,0.0211480873833075,0.0208618105423808,0.0207190731699418,0.0215381373784491,0.0213035012273387,0.0213748455415195,0.0210075316986118,0.0207282563996589,0.0208626383481725,0.0223013707260965,0.0222168770023654,0.0225831480851993,0.022888499336132,0.022419177010552,0.0223076493323274,0.0234561331194501,0.0219217984142476,0.0221973947764385,0.0232882187790322,0.0250609733665298,0.0235470691631175,0.0187616504360031,0.0201684902620352,0.0207966154082134,0.0213896296807486
"COVHA-20200311-P1-E08-P",0.00681940913563247,0.00661446361045617,0.00770071888834599,0.00814035536729004,0.00792543484426051,0.00781989188773921,0.00813155733691632,0.00779410488301367,0.00772540249495644,0.00803719037605768,0.00767930798770428,0.00742991155419371,0.00744270270297516,0.00785213007196594,0.00784001767347645,0.00790226673056621,0.0081828175013114,0.00805365116483303,0.0078088127451459,0.00841511559782085,0.00769488948580662,0.00774481454996507,0.00817454049097434,0.00851231269894324,0.0077915706432909,0.00673256014059676,0.00679238767170331,0.00698250187690443,0.00788050330081412
"COVHA-20200311-P1-G01-P",1.10973653135436e-05,9.8326102456143e-06,9.1194137071885e-06,1.06599823889295e-05,9.65154662106648e-06,7.81853110522624e-06,9.17043459091252e-06,9.2469030632733e-06,7.92558096522757e-06,8.48240730938341e-06,1.00543620380789e-05,8.07554067815492e-06,8.13669825889779e-06,8.71085799791057e-06,9.28511394931906e-06,8.74510249310023e-06,8.64263948559345e-06,7.7171965725307e-06,8.35503040778085e-06,8.40248839459099e-06,9.20543698574666e-06,7.83956684554268e-06,8.62226750353601e-06,9.22995832379244e-06,8.10215318193161e-06,7.5864792605232e-06,8.23943917719886e-06,7.49047535749132e-06,9.6735169267533e-06
"COVHA-20200312-P2-B04-P",0.000113526568160617,0.000134321631867331,0.000125693819959275,0.000132432664474562,0.000125818010661368,0.000126027559403021,0.000131170460938596,0.000130553733079774,0.000130180133820968,0.000133502146008005,0.000136246420069152,0.000137698321819821,0.000139115938373367,0.000133723914445836,0.000136707889988214,0.000143165187176631,0.000141785437580403,0.000141499328919321,0.000139156554647184,0.000151432556206428,0.000129335345949402,0.000125287892364876,0.000115208915789117,9.92384171551017e-05,8.8815031546698e-05,9.74378673748679e-05,0.000106664913696129,0.000119959403859525,0.000130254505335969
"COVHA-20200312-P2-C01-P",0.0169198350816894,0.0154012025562033,0.0158546452278412,0.0174564663111332,0.01725841309046,0.0171534872075164,0.0164137896240522,0.0169202966795186,0.0171162951243651,0.0171327936460968,0.0172102761425081,0.0166265719523082,0.0166581255337008,0.0183675262642208,0.0185419989103536,0.0187322091431307,0.0185085900494439,0.0185058705833724,0.0180282228900654,0.0183223535341828,0.0170681743599941,0.01709853082162,0.0182859016322653,0.0189803291913732,0.018258035008195,0.015317494999995,0.0161539578616273,0.0167823168733429,0.0169236022495366
"COVHA-20200312-P2-C03-P",0.000773897954776413,0.00121562905662409,0.00119448762481484,0.000934027357059142,0.000960037097851756,0.00107322768194029,0.00115004453132562,0.00102229998815456,0.00113087516780814,0.0012437398123894,0.00138569173989012,0.0014464880854025,0.00143587522106797,0.00111820829335427,0.00105830682584316,0.000908342942550091,0.000799192425053736,0.000859544864221096,0.000870694831507726,0.000935211040700762,0.000859988204933734,0.00069409202015814,0.000660830209397024,0.00061899635397008,0.000633716984433114,0.000952100025187736,0.000788075489562623,0.00072165699153144,0.00106537698098774
"COVHA-20200312-P2-D02-P",0.000462286020784375,0.000487542556161094,0.000628765425180848,0.000642558550260627,0.00070617897626045,0.000701328208483149,0.000759026620150861,0.000665714329687452,0.000644504297744937,0.000686117300912223,0.000675997725315091,0.000648251949138726,0.000622997463150298,0.000784300815942395,0.000716205489660152,0.000719206710170786,0.000751217384996571,0.000739086398237083,0.000794492927668086,0.000991352806733895,0.000916410645234127,0.000666605143810805,0.000686451662832328,0.000679940263186043,0.000638398228493786,0.000623290150406541,0.00068557507501584,0.00068051527613507,0.000654420607222137
"COVHA-20200312-P2-H03-P",0.00366358936205519,0.00342747150404125,0.00366503384465563,0.00406306952942478,0.00423471708455058,0.00379793205701244,0.00398880658416148,0.00394309888421852,0.00379724121050193,0.00390379538200781,0.00394711135125261,0.00394921547847855,0.0039480268038682,0.00413769253237297,0.00420295260084776,0.0042651025050764,0.00459150711312305,0.00426720178887178,0.00424423465153232,0.00400512354638711,0.00385707809702785,0.00395583575178325,0.00418688197006054,0.00445008366531726,0.00399919708948023,0.00338229597095948,0.00353252520854177,0.00363750153815607,0.00393111984092457
"COVHA-20200312-P3-A06-N",0.000805001837838317,0.000714467151917099,0.000792440751295083,0.000851116382923024,0.000909905169065357,0.000695467294326407,0.000781744917324723,0.000829400186624446,0.000702860909457785,0.000850976991360723,0.000788253259827005,0.000695738889194885,0.000707532717627696,0.000832997660653606,0.00087048410332912,0.000943859785343039,0.000979743876637481,0.000970758821219331,0.000980296724375097,0.000928827027171911,0.000962750940264417,0.000949071512190018,0.000886376109337082,0.000968883781208878,0.000897872899285297,0.000754651755906859,0.000870828117820577,0.000900235886621482,0.000810083092421718
"COVHA-20200312-P3-B04-N",0.00725804161720394,0.00537906175554823,0.00561387700072603,0.00608609729834606,0.00616817999550866,0.00570493744536503,0.00571733653620689,0.00584902666001266,0.00575647113408865,0.00581999855580175,0.00578143265106308,0.00579685777261127,0.00583898107800019,0.00607269244233454,0.00618349356148807,0.0061649978532707,0.00662456218842708,0.0065357302999644,0.00695722375425742,0.00693754505482342,0.00734019836276398,0.00752458079247084,0.00815319512142291,0.00848665210558915,0.0084792505400278,0.00830997337732717,0.00941109638410868,0.00934535555870412,0.00587429572077622
"COVHA-20200312-P3-E02-P",0.000817297510204496,0.000695705584883892,0.000668191517585119,0.000591711483771435,0.000591426576027421,0.000525918567885745,0.000551306579832533,0.000493189060330651,0.000489659492870356,0.00051622289128654,0.000513775719156238,0.000506343302691833,0.000505627390920179,0.000493763965851443,0.000515286459543549,0.000462217963583247,0.000540836240819346,0.000581801678910028,0.000676777595633641,0.000709423503393596,0.000754616218756752,0.000719691593375992,0.000752660863296472,0.000840188050254439,0.000825210731860038,0.000824578489436571,0.000961103712283799,0.000923862560137151,0.000585213917353308
"COVHA-20200312-P3-H04-N",0.0258076263907851,0.0155561360931369,0.0172759254856632,0.0188224943272102,0.0189777687846312,0.0170215509872018,0.017092720394045,0.0165626139308576,0.0158227646725154,0.0162864682974542,0.0160808070603693,0.0159578895754709,0.0159785312136346,0.0167353860948311,0.0170675340245948,0.0172955796737969,0.0196727032426806,0.0190836215641429,0.0205629981875624,0.0226956375078257,0.0241905107140954,0.0270563776642611,0.0290308241857267,0.0312546027052811,0.0314595805183495,0.0296176899612728,0.0319423353893272,0.0317011450887189,0.0177220683307798
"COVHA-20200313-P4-B06-P",0.000193396338234149,0.000184216212085229,0.000194278330195791,0.000231254149596801,0.000237439269606864,0.000220685500875455,0.000211917384247401,0.00023822529925721,0.000230581788123208,0.000211813919296571,0.000214696615841321,0.000223216226950026,0.00022062693332091,0.000241490171725207,0.000254210353135583,0.000262477826611739,0.000272494871159852,0.000239565118186114,0.000222646460914815,0.000227806012172906,0.000201747275435922,0.000230202589408929,0.000224319154563538,0.00023984799502394,0.000222873515306151,0.000161014436782808,0.000192283433841804,0.000199596945346883,0.00022020645200105
"COVHA-20200313-P4-D04-P",0.00130099675701641,0.00129237505388034,0.00135381437591192,0.00120469795349208,0.0012010115269768,0.00114027606242587,0.00114572251381449,0.0012578922709463,0.00120088994737233,0.00112802335912687,0.00121963119204211,0.00124770554563253,0.00127580548452346,0.00127051712069725,0.00116849515999424,0.00118221061021204,0.0012234788964994,0.00116350849369501,0.00119573571327549,0.00115297161982092,0.00119942042902722,0.00115899769105399,0.00115131806079736,0.00118058367638012,0.00119204536259245,0.00103839232426628,0.000986359384544344,0.000967053908094029,0.00121823945643707
"COVHA-20200313-P4-E05-P",0.0230101004259461,0.0163176792871052,0.0180570021584637,0.0205237135701174,0.0213157325035697,0.0192777283937071,0.0193483702510049,0.019285403719631,0.0186687388498216,0.0188087531548057,0.0183258523209197,0.0181598893554297,0.0181951694366604,0.019015977926266,0.0198022616351749,0.02051632232836,0.0223387057966225,0.0214678937942048,0.0218482635881232,0.0229808996417583,0.0240848256178169,0.0256083806324566,0.0272812399297348,0.0288140315266574,0.0279581385665732,0.0255701940055063,0.0276580956945482,0.0256262577756538,0.0195256405000624
"COVHA-20200313-P4-G04-P",2.91240714097223e-05,2.61629191655733e-05,2.53210041033065e-05,3.08194933877404e-05,3.47904587503559e-05,2.87793564804587e-05,2.96307546676161e-05,2.83362724379629e-05,2.52730662729352e-05,2.97157881870658e-05,2.8636393396958e-05,2.71255340727768e-05,2.64262677965972e-05,3.20360169140024e-05,3.0489549225933e-05,3.35956647844778e-05,3.35636484877416e-05,3.1940750903148e-05,3.10847396376232e-05,3.29997169910473e-05,2.79085470520256e-05,3.4406987822104e-05,3.57158153906634e-05,4.58879488296347e-05,3.7192741273248e-05,3.04208452323202e-05,3.85552018020012e-05,3.3874836318207e-05,2.94327711380621e-05
"COVHA-20200313-P4-H03-P",0.000937232416081385,0.000905202578235197,0.00100286881494471,0.000959059574494524,0.000974806208727714,0.000840247391693261,0.000881095909599684,0.000762258266754848,0.000745843209547214,0.000770202583692014,0.000749169926264668,0.000645629123961206,0.000643519224245748,0.000732735335264001,0.000705014778884212,0.000681743739005622,0.000714297371660055,0.000683529223403615,0.000629385447248301,0.00056418719561223,0.000631042098675981,0.000596920105183759,0.000558554694863211,0.000641056608970917,0.000571137496523147,0.000475088434152616,0.000477126219744858,0.000488222475912904,0.000916367043349234
"COVHA-20200313-P5-A03-P",4.9495291304537e-06,3.67916050765874e-06,3.5484964790766e-06,3.61629782307987e-06,4.81455058190409e-06,3.03191893240835e-06,3.44930243676317e-06,5.17199662861049e-06,3.50238328961301e-06,2.8183482350532e-06,3.991210960886e-06,4.00325948147851e-06,4.17635839837231e-06,3.63827000715943e-06,3.37215909024566e-06,3.53047647011036e-06,3.31441028816448e-06,3.8989155394101e-06,4.44930534968571e-06,5.77377694153459e-06,3.3607150900345e-06,3.09711282786871e-06,4.2410340159669e-06,5.04047369455332e-06,4.52691733339671e-06,3.7401654955172e-06,3.53758529890603e-06,4.02473302790578e-06,3.68028434717938e-06
"COVHA-20200313-P5-F01-P",0.00236733373294269,0.00312657641807863,0.00261637534967507,0.00222579832563132,0.00218000381348319,0.00239204079740566,0.00220691633899794,0.00237256725343125,0.00239637011022691,0.00243699561998585,0.0026275035961247,0.00265126212418194,0.00265429178070345,0.0022717322941338,0.00226349406591076,0.00209616738460507,0.00200920390759743,0.00219928718622119,0.00232155089496972,0.00215075538135961,0.00231455161871556,0.00205256313428205,0.00198305142607748,0.00179021915063174,0.00190225696151148,0.00270477654287587,0.00237430186985564,0.00229715364172378,0.00236731023756279
"COVHA-20200313-P5-G03-P",0.00204613534252956,0.00258369584539298,0.00264805994140995,0.00246757452254254,0.00256214894603427,0.00270212016003232,0.00264906427143411,0.00256857025293853,0.0025549475019876,0.00254513263187838,0.00265166896084962,0.00264484310466853,0.00264061060663982,0.00260072460869947,0.00252866160079942,0.00255680100009042,0.00257103840600192,0.00262065465685263,0.00284584415251051,0.00269433535683092,0.00274493189030768,0.00252477605575616,0.00235373882899373,0.00213094208024408,0.00221098757942489,0.00259706102540814,0.00247008535029058,0.00234313994317226,0.00256529005298033
"COVHA-20200313-P5-G05-P",0.00011462067459998,0.000166358298510043,0.000163793856268024,0.000159099112684056,0.000167577783890424,0.000174741186029629,0.000163918055157504,0.000167886145108108,0.000177306098647404,0.000159113543561498,0.000153367188398636,0.000152330925441777,0.000150492914699968,0.000149606362361705,0.000157837595977509,0.000156900362419004,0.000158860943748542,0.000154097284725493,0.000156289400133982,0.000177062492873728,0.00016776439241371,0.00016661499166175,0.00014770014333293,0.000110824960582841,0.000129248634092719,0.000169456346215094,0.0001254723292093,0.00013941228016107,0.000163223818275694
"COVHA-20200313-P5-H02-P",3.4229901460085e-05,3.62967472305281e-05,3.88778904429937e-05,4.40552633637557e-05,3.97733502616972e-05,4.53594170990225e-05,4.69465299525718e-05,4.3758226021456e-05,4.433063544036e-05,5.25088375055057e-05,4.8592448201388e-05,4.55543320306175e-05,4.54358991271195e-05,4.26272308050362e-05,4.40155502305749e-05,4.2889675279998e-05,4.80169946177753e-05,4.62225449288947e-05,4.44729208934648e-05,3.37507774062063e-05,4.37727921975301e-05,3.73589234861663e-05,3.76435581251938e-05,2.86717854313552e-05,4.5372057818817e-05,4.284019276251e-05,4.15106528112138e-05,4.07317888842687e-05,4.35337960576939e-05
"COVHA-20200313-P5-H03-P",9.58645642108927e-06,6.04587194533396e-06,6.28209815084959e-06,5.88922796395428e-06,5.85826434441477e-06,4.89404237121032e-06,5.80424787551714e-06,6.33177769078375e-06,5.91952105286706e-06,5.19889480252532e-06,4.6673177356809e-06,5.10760692464499e-06,4.89642019119513e-06,5.78100114118362e-06,6.27726013475092e-06,4.76551947555533e-06,5.03454727316124e-06,6.63100234074857e-06,7.73091970262132e-06,6.61871990858844e-06,8.87145287742025e-06,1.04527557940569e-05,1.18819052182874e-05,1.25684538877174e-05,1.22432536971411e-05,1.34371221141119e-05,1.67027761581259e-05,1.59126018788497e-05,5.76989705430932e-06
"COVHA-20200314-P6-A02-P",0.00765212833660133,0.00593904719726071,0.00688803911329133,0.00776206242826327,0.00710501971328397,0.00656990571937726,0.00649597846660055,0.00701090786627148,0.00676107962921633,0.0062751207518565,0.0059859222355946,0.00558302849892816,0.00555902105295068,0.00727654001431887,0.00705876033920558,0.00723597974190146,0.00727179519495256,0.00819916798944807,0.00924108641567685,0.00994854625919574,0.00981030307993256,0.0126119757513487,0.012876305020494,0.0143459736630667,0.0128656019459983,0.0110542870285797,0.0131846251885835,0.0122414863667013,0.00710442898188855
"COVHA-20200314-P6-B02-P",7.7108453821805e-06,9.85412580413862e-06,1.15196493214282e-05,1.11547495040275e-05,1.05942558259148e-05,1.31064842038754e-05,1.03756125507454e-05,1.52652264129291e-05,1.19048145618771e-05,1.29698744020895e-05,1.20608724665025e-05,1.08364092860711e-05,1.07289207130599e-05,1.21304819709859e-05,1.1620404178021e-05,1.14896425052002e-05,9.58661709931119e-06,1.16350849369501e-05,1.17171751742854e-05,8.5433122224333e-06,1.06457434529043e-05,8.90419938012255e-06,1.46858946503317e-05,9.55726181045174e-06,1.26290705153283e-05,1.29063807666679e-05,1.21352609620701e-05,1.32294465269125e-05,1.13128947185892e-05
"COVHA-20200314-P6-B09-P",0.034221878012863,0.0381124882455125,0.0389139828748226,0.040158519545484,0.0406619546918244,0.0423508343930427,0.0421851904435372,0.0432351334169818,0.043308860334179,0.0450773730991507,0.0452641490282405,0.0446903872214853,0.0447552247143641,0.0453785937853783,0.0449926543445856,0.0443343013409124,0.0439137966355883,0.044410995880976,0.0434806050048645,0.0423003328183406,0.0411027771175213,0.039204851123964,0.0381187992840574,0.0368539798336539,0.0362260129324769,0.0374804357031802,0.0367223296011211,0.0368120343095075,0.0409399380647585
"COVHA-20200314-P6-C04-P",0.0175556672238794,0.0147307347214684,0.0131203397832801,0.0137963830976615,0.0140629431224257,0.0142579926903777,0.0143313390778025,0.0150982492854103,0.0160904914552454,0.0165286547074392,0.0166864024415219,0.0167882898310169,0.0167780158222058,0.0174150341730195,0.0168816916281947,0.0163918774989037,0.0158667533224131,0.0153386372972395,0.0151701783798992,0.0149994275511398,0.014232816272357,0.0143043543422272,0.0144193754548158,0.015265827381974,0.01502476146618,0.0147607910346372,0.0139435491841007,0.0139175268104982,0.0142031771633419
"COVHA-20200314-P6-D03-P",0.0225889736474044,0.0261786040077375,0.0227720650030031,0.0184903106847219,0.0167998075077586,0.017300666579314,0.0162210442662003,0.0166734200404463,0.0170262361887914,0.0163979982722704,0.016778352962894,0.0167330034371434,0.0167436688746882,0.0148198456819031,0.014201310891817,0.0135892405648203,0.0132032680421078,0.0135184745867665,0.0135970570160361,0.0138257078873501,0.0140867817209913,0.0121241804809594,0.0128978606892528,0.0129616108358925,0.0136694384261308,0.0162093902243351,0.0159261194565535,0.0156966824051119,0.0187516415383849
"COVHA-20200314-P6-D09-P",0.0101958737078147,0.0110793723154231,0.0102651261737189,0.00853364124919857,0.00806409165647362,0.00832073147264469,0.00830744405595079,0.0078302148231116,0.00828131129427681,0.00849012356377453,0.00874509217363661,0.00871682143405865,0.00868884164163432,0.00783080771072206,0.00747630089093658,0.00697850446322087,0.00695705208125877,0.0071044122703805,0.00730700760559425,0.00744530883674683,0.00774402689774415,0.00698640904624072,0.00718809700878118,0.00721265601411647,0.00751589166613553,0.00963426669943776,0.00881172196352821,0.00849498164237281,0.00880277091625905
"COVHA-20200314-P6-E05-P",0.0589095562121931,0.0569394410610751,0.0470174746338804,0.0386024289910836,0.0366492456250156,0.0366867801065104,0.0369212086095309,0.0388303789791501,0.038588272498114,0.0385960751244677,0.0403223973716807,0.0416240285021032,0.0416776806118394,0.0374216010754656,0.0362302530777374,0.0345954133846127,0.0333995012693562,0.0350756782114963,0.0363931837044695,0.0370180310359757,0.0374994225727877,0.0351107099274613,0.0350659557899192,0.0347538697418531,0.0360233562184437,0.0405663032655685,0.039500453549781,0.036443025916523,0.0403440693797131
"COVHA-20200314-P6-E08-P",0.0117149623484109,0.0153492855134841,0.0148988773327586,0.0143892940168634,0.0151213586594406,0.0167419459908524,0.0171171702687473,0.0169027432364154,0.0172482346713879,0.0172239658433706,0.0174554411830071,0.0189568140791047,0.0189487141028494,0.0157762821475592,0.01629317980824,0.0158145759825403,0.015469821224485,0.0162342874474533,0.0158625990083686,0.0151508131660703,0.0146255815837489,0.0137277590399763,0.0118941025723168,0.0101716759156086,0.0102987883757199,0.0130345204599884,0.0121612331073025,0.0124799890646513,0.0154748496441985
"COVHA-20200314-P6-F02-P",0.000138378414426158,0.000115818251536415,0.000127086549266303,0.000131497104838741,0.000167589006619053,0.000137343540300356,0.000158418564927002,0.000141117144375784,0.000148152457462034,0.000137141372369773,0.000129747071072737,8.70363828645585e-05,8.92876623100288e-05,0.000135665491228503,0.000143685737191575,0.000160380938161621,0.00016947544758279,0.000149638670848309,0.000142639495034042,0.000110781411235948,0.000131047014504575,0.000147112859323764,0.000126880521800001,0.000135241800687625,0.000108646016001521,0.000110194391761081,9.06786105099331e-05,0.000103376013142691,0.000137801582953022
"COVHA-20200314-P6-H02-P",1.81309067094514e-05,3.1520293238129e-05,4.79973041501822e-05,5.32579317045784e-05,5.52607157699201e-05,6.88269471034115e-05,5.26676621067212e-05,4.23163360522676e-05,4.95431025896902e-05,5.18247723999103e-05,4.7720052362943e-05,6.18434568173231e-05,6.18533080034796e-05,5.25275232283643e-05,5.48980026963261e-05,5.9456716807583e-05,5.68274523458074e-05,5.85169355349178e-05,5.22843710096551e-05,4.22940896286396e-05,5.67772984154896e-05,6.34424205833731e-05,3.50148180326523e-05,3.17484382059527e-05,3.69612511823356e-05,3.28497673988581e-05,4.99292102313952e-05,4.54273107501588e-05,5.22818961005051e-05
"COVHA-20200314-P7-A02-P",0.000386115372482025,0.00043687341583632,0.000453570449745185,0.000491132825743454,0.000467707215619704,0.00046801369095223,0.000528879187683458,0.0005496735326019,0.000545418092565557,0.000489051825292289,0.000485357424718891,0.000433663436588439,0.000425412507199718,0.000479473261063706,0.000463751274776554,0.000452125541447844,0.000484994720647866,0.000482995949467873,0.000473599362199125,0.000407919687983216,0.000459374266996206,0.000421836445633306,0.00045515758455658,0.000442121549779391,0.000393841808005514,0.000450393351456839,0.000441078673344613,0.000399342954879985,0.000486740770035445
"COVHA-20200314-P7-B02-P",7.7108453821805e-06,1.14032460178897e-05,1.01343281490121e-05,7.79932888709016e-06,1.03361330674444e-05,1.16979549360637e-05,1.09020121194081e-05,1.00932297843187e-05,1.02605031583029e-05,9.49482366566466e-06,1.2497070385725e-05,1.11815178620607e-05,1.10889516094713e-05,9.30557521061932e-06,1.01351595925666e-05,9.41876231425203e-06,6.90152522029186e-06,8.46187995414553e-06,8.61675425188001e-06,8.59025349838074e-06,9.66466513469548e-06,8.27509833696171e-06,8.30681869243103e-06,7.85528367982335e-06,8.71946009103116e-06,1.16450895645068e-05,9.22458951360307e-06,7.04328279883512e-06,9.64263009879117e-06
"COVHA-20200314-P7-B03-P",0.000188707310636877,0.000259585213595922,0.000223118198239726,0.00020041066750045,0.000210493498168282,0.000256340390053028,0.00020240063415079,0.000206472374500953,0.000194834458209505,0.000213264137320433,0.000252667644709641,0.000275672730500434,0.000281184130097308,0.000164553005251694,0.000198359552025946,0.000186703571914034,0.000241133837104118,0.000195410611183233,0.000190232969453304,0.000152699970657008,0.000224854800930755,0.00022275016166687,0.000183801507270499,0.000193239978523654,0.000220404287669752,0.000248917691951241,0.000211628204083923,0.000217261051413803,0.000215186154502283
"COVHA-20200314-P7-B08-P",0.00124024779947842,0.00155785553051192,0.00143964502352483,0.00112788011134311,0.0011506102527033,0.00116383908593995,0.00116776203259718,0.00109962917411082,0.0011994922826793,0.00117577110349744,0.00136189714339653,0.00137643104447663,0.00136494913447492,0.00110531692318467,0.00111631543512412,0.00108999406580549,0.000901981098547445,0.00103896138392149,0.0011261373033485,0.00102177075354783,0.00114205865842216,0.000974864654959612,0.000947082480540839,0.000805232037879225,0.000999394164710961,0.0014809369477968,0.00123613977438356,0.00120164367115576,0.00122475063736247
"COVHA-20200314-P7-C06-P",0.0337094714970945,0.0454181391735624,0.0491877913823067,0.0515121924170781,0.0524873101801708,0.0554719291038995,0.0555806603513587,0.05567378530879,0.0563245716803108,0.0550610296892738,0.0535925631395398,0.0524429752942292,0.0522617968983626,0.0561392845903514,0.0569905254940131,0.0563813973481157,0.0545345516993674,0.0558780906820875,0.0537755929429185,0.0500872802614329,0.0493619327543454,0.0487461846836447,0.0430771288466091,0.0397654098081858,0.0404064410420202,0.0435824938550611,0.0445568272104971,0.0436920545583865,0.0523639517108061
"COVHA-20200314-P7-C08-P",0.000346362838518486,0.000283273843531199,0.000282509213422935,0.000291879613433475,0.00029118491701185,0.000257820539453102,0.000279254971175537,0.000280478944441252,0.00027339965707228,0.000250532004273273,0.000246888022279943,0.000233224375653722,0.000231571872571817,0.00025839588308059,0.000269296328012997,0.000272420546564664,0.000279773987425631,0.00029962833895929,0.000309719970586266,0.000280380241234034,0.0003095197723915,0.000317550849632414,0.000338055975900832,0.000356498957669316,0.000332651260641021,0.000341322882549169,0.000373551095740179,0.000367741347401614,0.000281512053686182
"COVHA-20200314-P7-D03-P",0.00778816223722885,0.0165511876437697,0.0141170746627662,0.0113043191022159,0.0122685971555545,0.0127444563719817,0.0150210333337124,0.0107132424710697,0.0122201112735124,0.013728037439923,0.0153400121341537,0.0160244955306369,0.0157443671186086,0.0116730219926338,0.0122814594536402,0.0124976871012807,0.0118605542843557,0.0121995407105954,0.01211175406817,0.0108748384574665,0.0132710464104108,0.0101454157382789,0.00836051509005468,0.00620344844335116,0.00813216973038658,0.0151947189162916,0.0124815860848769,0.0132432349641378,0.0128749105100193
"COVHA-20200314-P7-D09-P",2.96971747827222e-05,3.83622408488628e-05,4.71305524005956e-05,3.93234905902731e-05,4.21189005451889e-05,4.04176279729711e-05,4.44253530710823e-05,4.02788828349362e-05,4.53829947386475e-05,4.53124725946417e-05,4.89850263286883e-05,4.03086816755767e-05,4.02514542187952e-05,4.14115588555286e-05,4.19698359902319e-05,3.42443742418832e-05,3.50320581090803e-05,4.10571933201142e-05,4.11309087303525e-05,3.76469033098434e-05,4.36892961704485e-05,3.88590875121652e-05,3.78889072004977e-05,3.06356063513111e-05,3.23571704853015e-05,5.58839418779281e-05,4.73767752688934e-05,4.60235674950337e-05,4.25394777882978e-05
"COVHA-20200314-P7-E03-P",5.96027507919898e-05,7.13671076251699e-05,5.88057725488727e-05,5.00764292250695e-05,5.35324155610315e-05,5.67350814399089e-05,5.26122516258093e-05,5.49798914338351e-05,5.80770787742402e-05,5.65585029306307e-05,5.58115237645206e-05,5.56315024495117e-05,5.60208074816148e-05,5.39093661637758e-05,5.26374417549426e-05,4.91771669440814e-05,4.49123571326592e-05,5.38638502013882e-05,5.86865388883884e-05,5.30436418206024e-05,5.81967308758769e-05,4.45209969006127e-05,5.15583556817133e-05,4.84409160255773e-05,4.98475329097888e-05,6.42072150090206e-05,6.17957938289914e-05,6.07063898375789e-05,5.44689211112079e-05
"COVHA-20200314-P7-E04-P",0.000100553591808165,0.000128447884390191,0.000128531135515614,0.000120975057524324,0.000122731760288352,0.000118698432534916,0.000117927356000662,0.000123187556063268,0.000131972433250864,0.000121517325357973,0.000118078776733534,0.000120649958165938,0.000118018127843659,0.00012161966999894,0.000115606207481663,0.000110767139851978,0.000109186743986684,0.000124817472529899,0.000146001639800546,0.000125192382951811,0.000133134415181615,0.000109415189122049,0.000122499288312432,0.000126993752823811,0.000133749830304903,0.000147745903096708,0.000157310596899454,0.000140381197371492,0.000123322788368315
"COVHA-20200314-P7-E08-P",2.38098401328141e-05,5.03464069469091e-05,4.94122578610457e-05,4.45320389473956e-05,4.63162010524899e-05,5.46342242269016e-05,5.51749863679828e-05,4.30686264709746e-05,4.87045037738673e-05,5.04566421887194e-05,5.10351565490341e-05,4.93505263665023e-05,4.99722884219032e-05,4.60206172540215e-05,4.49870309657149e-05,4.75803436643142e-05,4.46186752083914e-05,4.49893113032905e-05,4.89222262431505e-05,3.80693747933704e-05,4.40441542855453e-05,3.43102030462331e-05,3.22809283364092e-05,2.8802706826019e-05,2.37405948791202e-05,4.8166338284507e-05,5.01978875958691e-05,4.23714949326748e-05,4.83960955518854e-05
"COVHA-20200314-P7-F04-P",0.000897063079664755,0.000913249397123292,0.00102243369845461,0.00107079298202653,0.00107281429784606,0.00106668637652707,0.00106454615927862,0.00109611848549018,0.00108062501131492,0.0010267269982903,0.00092107552623026,0.000843238294572809,0.000844056433546901,0.00106847069352082,0.00106166030261158,0.00108950753371243,0.00106917002257701,0.00106823645291084,0.00105756565619453,0.00101519897491519,0.000947116309193386,0.00101149769262675,0.00103765133919587,0.00109181897079811,0.00101325784904449,0.000916115761831032,0.00102706400526214,0.000939588831783227,0.00105183429488127
"COVHA-20200314-P7-F05-P",0.000129104559844887,0.000160097270979466,0.000160156462173605,0.000150757039264646,0.000163717165241997,0.000177832788405589,0.000190404265033373,0.000176725557527915,0.000178999739393086,0.000182973734444667,0.000204140626196136,0.000214243403974298,0.000210186037324979,0.000170605127475142,0.000172615312544735,0.00016406111681421,0.000166202991855235,0.000159694268103235,0.00015645046096112,0.000145752661816788,0.000138436412901297,0.000117254755967592,0.000122008590161825,0.000120316761695961,0.000120632058486537,0.000137318396623396,0.000119382308947892,0.000122456228978689,0.000165077027953422
"COVHA-20200314-P7-H01-P",0.00804631925661198,0.00790526802856423,0.00709387413348161,0.0063477781262271,0.00607695043448233,0.00660115597042074,0.00665172347582356,0.0066009722789444,0.00697727369255826,0.00724159529564596,0.00748304073395011,0.0074633870860647,0.00741944470706698,0.00715598733696626,0.00668768272186483,0.00654307071511934,0.00614611237923432,0.00653878018158464,0.00704957200601763,0.00726350527500241,0.00731308302796923,0.00687070284668706,0.00667959352527996,0.00636710018668082,0.00760596703262164,0.0102045264232109,0.00882399156317252,0.00862843135508513,0.00668634131472846
"COVHA-20200314-P7-H02-P",1.1305766540089e-05,1.12526371082194e-05,9.73428887997213e-06,1.09538440694119e-05,1.2670460622307e-05,1.43598365184537e-05,1.15392326498945e-05,1.18799195287477e-05,1.07373534653394e-05,1.36813021119087e-05,1.51796875889435e-05,1.5322820773935e-05,1.56973470835373e-05,1.51565430827099e-05,1.32364250162828e-05,1.27122103287719e-05,1.49148462967402e-05,1.2161580830958e-05,8.51609123491879e-06,7.8861343591692e-06,8.80883085710905e-06,8.95259176805799e-06,9.49851420104983e-06,6.28422694385868e-06,9.64542045468049e-06,1.60783408196274e-05,1.13292288686484e-05,1.00990986163191e-05,1.16835366541347e-05
"COVHA-20200314-P7-H03-P",0.000272693004934681,0.00037611347856364,0.000342848469836461,0.000330654362314276,0.000364615230432359,0.000356274347935401,0.00039982817763974,0.00035379591483107,0.000359841107558174,0.000400834789274702,0.000433319012955645,0.00043594115318997,0.000431893063335123,0.000379149714784557,0.000372301309420584,0.000358187421942787,0.000355795651250365,0.000363229991596699,0.000379882093408233,0.000368301251083581,0.00036164216729719,0.000317841203960027,0.000289862407537572,0.000265966813259352,0.000277710945731161,0.000389514196897085,0.000322815853415362,0.000347431352029311,0.000355489570520237
"COVHA-20200314-P7-H07-P",0.000832615000355585,0.00120093393015198,0.00114246770357043,0.000908185520708145,0.000923518338892512,0.000964532194544582,0.000974656506619357,0.000853285407418392,0.00091630897275575,0.000959387629295488,0.000979438807822233,0.000957055102934155,0.000948969436761185,0.000803856517230877,0.000804143178512154,0.000772076530949329,0.000735526379328552,0.00076653533281928,0.000767233382674989,0.000738339329377216,0.000776366933811509,0.000654894185930426,0.000613968536013985,0.000574155776297755,0.000678008755161007,0.00101541434592988,0.000868320462418821,0.000828871407469264,0.000975801616032814
"COVHA-20200314-P8-D02-N",1.34939794188159e-05,1.74921490802723e-05,1.39865581471746e-05,1.28249633410552e-05,1.34560516263473e-05,1.66636174395356e-05,2.03494991148799e-05,2.01864595686373e-05,1.49303475444536e-05,2.39149160916165e-05,1.61829428031553e-05,1.33211910331957e-05,1.31771308086575e-05,1.80776540980734e-05,1.84020870021716e-05,1.57935802514478e-05,1.61944603953353e-05,1.61885629391809e-05,1.6569132591816e-05,1.99969835536076e-05,1.67618274366317e-05,1.21948817597331e-05,1.28633015195029e-05,1.26993752823811e-05,1.21403692122912e-05,1.86071672398018e-05,1.63445396721608e-05,1.48318865287639e-05,1.48434967456444e-05
"COVHA-20200314-P8-E03-P",0.00113406737455353,0.00136565704621417,0.00134530242924291,0.00144631222662018,0.00142716073158274,0.00141530930699918,0.0013986575065569,0.0013363185470965,0.00141034233395961,0.00143432035080829,0.00144017286000101,0.00137242778499515,0.00136826141872191,0.00152941151673556,0.0014964352962304,0.00151857893905864,0.00160755192160069,0.00161135728483316,0.00161664805239711,0.00159952397790887,0.00152609863498399,0.00159370651187813,0.00137367442275847,0.00129906753855079,0.0012041085684411,0.00115466838746748,0.00120667482341292,0.00120522121162501,0.00141882445699771
"COVHA-20200314-P8-F01-P",0.00678184481454766,0.00673071217316307,0.00656125888742797,0.00653040716346978,0.00665154291756603,0.0067632562031062,0.00650025892625099,0.00701175419299252,0.00705624996927193,0.00693836291563762,0.00701011494992906,0.007242379554001,0.0072356849375386,0.00729304341697153,0.00705620086111492,0.00702116958522715,0.00688038012174458,0.00715324832195442,0.00791456931076536,0.00711615660980341,0.0079196607907103,0.00758187737978641,0.00757122711480213,0.00772174385726635,0.00803342634605186,0.00846404446848224,0.00841528851224701,0.00816305296571024,0.00663992672798583
"COVHA-20200314-P8-F03-P",0.025867385442497,0.0371405444047349,0.0356996451236828,0.0334491836030748,0.0354977936676652,0.0387511587988191,0.0363662449379582,0.0380518524320907,0.0379941827880027,0.0370242850500389,0.0385174321918339,0.0389420517146582,0.0388232836589105,0.036193702439732,0.0368031184531598,0.0357176807459241,0.0340332458846457,0.0364204578185364,0.0378668298749715,0.0334202169409844,0.0366841256163494,0.03224641287795,0.0307841237277161,0.0280246409775324,0.0289809132304663,0.0330243688141354,0.0311792916742214,0.0291099996057252,0.0354925220655172
"COVHA-20200314-P8-G01-P",3.67828164852664e-05,4.56775307471316e-05,5.34793237629519e-05,4.44570742329868e-05,4.99523651283336e-05,5.39538329704162e-05,5.50226075454751e-05,4.7362950944427e-05,4.56625276772551e-05,4.80213704127996e-05,4.4426758072813e-05,2.85059683767349e-05,2.97385520435822e-05,4.5408408358586e-05,5.01713752734333e-05,4.91896421259546e-05,4.88770631102737e-05,4.76834524546104e-05,4.72713527649866e-05,4.45942121500639e-05,4.25829738116172e-05,3.73105310982309e-05,4.25505396312712e-05,4.25494532657098e-05,4.26198978490815e-05,4.16226096713149e-05,5.02426671566148e-05,3.95392753945189e-05,4.77878626320158e-05
"COVHA-20200314-P8-G02-N",6.67925931078067e-05,7.67244816977256e-05,8.45564484596666e-05,6.68355407782978e-05,6.40593350151715e-05,6.87433902824396e-05,6.35004111249894e-05,5.84905800544677e-05,6.02968991690653e-05,5.14964211492245e-05,5.34778648966802e-05,5.05929172400646e-05,5.1196393469702e-05,5.08483216865984e-05,5.17593726289506e-05,4.87155852147737e-05,5.37228148606914e-05,5.72078106092765e-05,5.29487469215991e-05,5.11190495067575e-05,5.86977070383665e-05,4.78600716681587e-05,5.53787912828735e-05,5.79327171386972e-05,5.86441563644574e-05,4.52753589449002e-05,4.36600717270048e-05,3.90175507427533e-05,6.7674228019938e-05
"COVHA-20200314-P8-H06-P",0.00362378472778502,0.00311332283402765,0.0027709238539475,0.00230785770061175,0.00198224811230899,0.00200538757670263,0.00209810400710728,0.00219565362329866,0.00221478880193021,0.00226318835795617,0.00196771062350872,0.00187014337328724,0.00188584183540295,0.00208311073345013,0.00195015416418445,0.00194178700892445,0.00180303919676148,0.00191178248244284,0.00191819418600613,0.00201598697811452,0.00218442306050888,0.00254698816181853,0.00238125297529566,0.00246695183964852,0.00269331004440134,0.00294612024359829,0.00290158119763562,0.00304631297561258,0.00231344360959685
"COVHA-20200314-P9-A05-P",0.00109358543629709,0.000917789179971924,0.00095776809142776,0.00105440569545677,0.00101478156810474,0.0009693188067174,0.00103005313491099,0.00110508327964644,0.00102207108223364,0.00100459065147323,0.00102674447216191,0.00103643007541175,0.00103609691369275,0.00107706785558101,0.00106437858043779,0.00108391865223325,0.00119440438599689,0.00111564954260906,0.00113992813667219,0.00117766273096927,0.00116305790923318,0.00121387465897279,0.00120343721436548,0.0011548576223287,0.00104607799971161,0.000923527408647691,0.00103436307366368,0.00111295048035561,0.00101836960473923
"COVHA-20200314-P9-A08-P",0.0159884378999513,0.0104671901287306,0.010618383072685,0.0115677601015912,0.0116095199713506,0.0105404661685176,0.0109949077906568,0.0112464283053282,0.0106255567330104,0.0104695343533255,0.0103444990840498,0.0105670865533689,0.0106341605811244,0.011005303242065,0.0107336944781829,0.0112164983980868,0.0120030109949058,0.0114647848596667,0.0117155846986174,0.0125442110539851,0.0123911235290114,0.013643314323029,0.0157536538260541,0.017238158192583,0.015551452865248,0.0139906603634326,0.0155432989917389,0.0161065716511668,0.0110772840551195
"COVHA-20200314-P9-B05-P",0.00163423031826254,0.00152700221958805,0.00157957727820808,0.00160278757429993,0.00156984650337372,0.00156647553282603,0.00151748528287238,0.00156206836357682,0.00154524164150884,0.00153487792133082,0.00150540625882074,0.00152420653671534,0.00153567578555321,0.00156122888761548,0.00151777050775982,0.00155002887256093,0.00153067018928345,0.0014132335596736,0.00136631926181796,0.00143020679556647,0.0013581046284958,0.00132788712494871,0.00138099984514968,0.00143358927156776,0.00140285567204994,0.00125434161251747,0.00121576507424429,0.00122176733629529,0.00156895344817239
"COVHA-20200314-P9-B06-P",0.00505550115415204,0.0047099494010004,0.00494124801050841,0.00558932412749049,0.00584194649698799,0.00590585578973628,0.00596783346778917,0.00622670779563767,0.00599927015594041,0.00601326062943457,0.00596526826411941,0.00594877456776186,0.00599185019661647,0.00619179331002083,0.0060625815746068,0.00612364262536111,0.00628514979309479,0.00576437586959275,0.00528138584788711,0.00535567099667078,0.004878130138202,0.00494589561655459,0.00512737507543608,0.00544698462498417,0.00511755143979892,0.00420334659143951,0.00426520838146203,0.00433191704965604,0.00559290365053712
"COVHA-20200314-P9-B08-P",0.000138691016265976,0.000107168997009639,0.000114403822810814,0.000118444248765883,0.000113562790998339,0.000109984649776419,0.000106069513085524,0.000106417748812925,0.000104989283118212,9.67268059311947e-05,0.000103160807896125,9.87010527330045e-05,9.9584545947395e-05,0.000102037731186368,9.67557447555803e-05,9.47490063268134e-05,0.000106816311312238,9.93606845736774e-05,8.37314975083387e-05,9.1253840441815e-05,7.33095117776469e-05,9.10260817065789e-05,9.24265016537579e-05,0.00010938482524154,9.40878613952566e-05,6.81034809008449e-05,8.03793115384345e-05,7.90040186959284e-05,0.000112318761929347
"COVHA-20200314-P9-B09-P",0.0172729188597639,0.0133995671155687,0.0133482510446137,0.0122052150540949,0.0100934078926533,0.0096583090627626,0.00943139025076692,0.00933786751306862,0.0100984398263666,0.00876448839632674,0.00839037602572486,0.00829627212335782,0.00835451695122669,0.00823553026565309,0.0078659767596587,0.00878210388253608,0.00789880610326419,0.00800586336184087,0.00816332775827991,0.0101140611981864,0.00863436590852205,0.00966783126174393,0.0105397055769037,0.0122660254660442,0.0124335128307498,0.0107905210669317,0.0114787926015389,0.0119737670882525,0.0113212911839752
"COVHA-20200314-P9-D03-P",0.00233930376797233,0.00163477365223637,0.00161768472265144,0.00178722476045415,0.00179492954875989,0.00168590210337227,0.0017559165822361,0.00178371192818836,0.00170597308120822,0.00164958195823706,0.00166974382488782,0.00167218909409965,0.00168400851487471,0.00171396626118526,0.00166423056974309,0.00169061169708981,0.00180440271998129,0.00166213805097054,0.00161449386383414,0.00166275387661007,0.00160857183573384,0.00185623521642794,0.00199945476425494,0.00211411868102979,0.00209902353878696,0.0018219288975058,0.00194432852757595,0.00201117400046314,0.00172632540050418
"COVHA-20200314-P9-E04-P",0.000117590392078253,0.000105404721210644,0.000107158667160424,0.00012671435605946,0.000126008797048063,0.000120858973191474,0.000125103013278748,0.000129174533978811,0.0001235700019786,0.000122666554735374,0.000118733073612368,0.00012223745761549,0.000123274578931266,0.000132263358938154,0.00013225215623185,0.000134482460592896,0.000151707691164592,0.000140152258343661,0.000139297482870929,0.000132045809240137,0.000114180817034091,0.000123207019683652,0.000131787503306079,0.000137729307186236,0.000113172933334918,8.83465802939447e-05,0.000108993450854902,0.000121971770373478,0.000121331775919679
"COVHA-20200314-P9-G04-P",0.000747222597778599,0.000624123321673478,0.000652597394227173,0.000655611406333485,0.000605398873170709,0.000595031995518203,0.000608656427576306,0.000596942447243989,0.000600666955725649,0.000588596979458537,0.000594864912339703,0.00061187750522943,0.00061802903677982,0.00059262695662291,0.000538134939141169,0.000560647148562649,0.000578490458966531,0.000562909488407023,0.000540741594512255,0.000577471576705354,0.000507593222635831,0.00052152476478033,0.000565950216990227,0.000627964469504545,0.000580525705765703,0.000490923258354005,0.000506815068519221,0.000499290491739645,0.00063013168089469
"COVHA-20200315-P10-A02-P",2.64669557712682e-05,1.68251667660183e-05,1.67942411650661e-05,1.96797368265947e-05,2.24454572582941e-05,2.0053637033252e-05,2.06542567598951e-05,1.86191878629978e-05,1.94193176762111e-05,1.75120667032432e-05,1.80149740638898e-05,1.92570585402156e-05,1.95856807647805e-05,2.18033825188665e-05,1.89999213007193e-05,2.30541361016394e-05,2.26344854489207e-05,2.2710471536126e-05,2.23471897653897e-05,2.29073426623486e-05,1.96215663641766e-05,1.80987530878578e-05,2.30277632106632e-05,2.79517177607048e-05,2.45893918791321e-05,2.17853713086135e-05,2.49422153353248e-05,2.53781777037393e-05,1.92840722426607e-05
"COVHA-20200315-P10-A05-P",3.09996824486311e-05,3.90722542801654e-05,4.13744318071875e-05,4.30057573620327e-05,5.15011016791559e-05,4.05608682374943e-05,4.76807188246539e-05,4.40403349284711e-05,5.10229828529069e-05,5.19068602125817e-05,4.73929039235261e-05,5.74260670446572e-05,5.85410237564947e-05,4.40965321540814e-05,4.33990336101976e-05,3.96835535385903e-05,4.56465619433285e-05,4.63838139414737e-05,4.21979367101413e-05,4.80678665701742e-05,4.45033824344941e-05,4.25853013831948e-05,5.2364502643426e-05,4.07165537404177e-05,4.17711008490696e-05,3.71956024320467e-05,4.87201620912628e-05,4.93402456384005e-05,4.44473333924198e-05
"COVHA-20200315-P10-A06-P",0.000183861982119696,0.000194801866879194,0.000194841348426291,0.000201022379570026,0.000213400184883231,0.000202983391518126,0.000205046484614331,0.000200046560507831,0.000195196206718291,0.000188610430914774,0.000193519206863068,0.000188705369351073,0.000190312331843069,0.000201311776501913,0.000201404770484173,0.000210244240108728,0.000211346099071248,0.000201206809223572,0.000188743156802278,0.000194806295181858,0.000182793677288398,0.000177212924619613,0.000186254998023538,0.000211896277263235,0.000196200712608807,0.00015981558573917,0.000172222190627754,0.000172020070896418,0.000200128825870747
"COVHA-20200315-P10-A12-P",2.93845729429041e-05,2.77981016134216e-05,3.28032200612759e-05,3.29005138597283e-05,4.74384739154046e-05,3.8018353542207e-05,4.05881772679361e-05,3.3570959934799e-05,3.1209030439838e-05,2.93874369363799e-05,2.42744142047329e-05,2.07065145593716e-05,2.16018537846844e-05,4.25835015982194e-05,3.94757460259782e-05,4.04570148147276e-05,3.98358552988883e-05,4.28453820772402e-05,3.63393491229986e-05,4.46880947019588e-05,3.56110555503034e-05,3.04872043993326e-05,3.78538573325971e-05,3.69198332951697e-05,3.43119756974501e-05,2.6149938389359e-05,3.36294501199801e-05,4.45329256328464e-05,3.4956761523596e-05
"COVHA-20200315-P10-B03-P",0.00865146431819325,0.00576496481324043,0.00596325944529014,0.00691647844126361,0.0068999580157722,0.00637254450824167,0.00660607909217241,0.00642408999424592,0.00622210723735278,0.00595388377826889,0.00584398343267959,0.00558875730128959,0.00557817469663977,0.0064196137316951,0.00657294524234825,0.00666777263312366,0.00725352398380705,0.00708875968974783,0.00704482071161707,0.00782135539836174,0.00714245889662797,0.00798924450142702,0.00949315157126104,0.0102320306785486,0.00874530981784971,0.00693704541574315,0.00766738028867323,0.00838016495293783,0.00651058694793951
"COVHA-20200315-P10-B07-N",1.21393714462706e-05,1.23929617100084e-05,1.33050097628843e-05,1.1688498270618e-05,1.60372792110512e-05,1.02297422247006e-05,1.11513592835115e-05,1.0187266086657e-05,1.43219523251311e-05,1.0343064396603e-05,8.72395838445028e-06,5.72880236142614e-06,5.97651288042935e-06,1.40895504363794e-05,1.40304236940415e-05,1.3061515421221e-05,1.11179585615644e-05,1.28967778000682e-05,1.16165121573242e-05,1.18761428147012e-05,1.72001815788101e-05,1.72276901050197e-05,1.71393854033704e-05,1.37467464396909e-05,1.5124019272939e-05,1.46359731577501e-05,1.66132170366347e-05,1.57262716460763e-05,1.21765379466071e-05
"COVHA-20200315-P10-B08-P",0.0338966678988389,0.0239994652092773,0.0253372131018372,0.0290997248758998,0.0285609240974317,0.0258340024145773,0.0268907756496259,0.0269732475810023,0.0259558172539273,0.0251060649786877,0.0250448487795597,0.0253931580430245,0.0255837954989945,0.0265703383373335,0.0262397320207757,0.0277273392313332,0.0295088241139375,0.0287491470232906,0.0282023749425592,0.0303921291121673,0.0283242737708649,0.0308642778861256,0.0338932573097025,0.0375414480770331,0.0341753451015694,0.0270373254342537,0.0307091958455136,0.0328903419003254,0.0272602154183047
"COVHA-20200315-P10-B11-P",6.39270762428072e-05,5.03679225054334e-05,5.32126309169253e-05,5.71381053223772e-05,6.19157938470044e-05,5.85017113690287e-05,6.24476119876641e-05,6.51671575204922e-05,5.65149829408447e-05,5.30013643815344e-05,5.43938805270475e-05,5.59766110255012e-05,5.54447580473566e-05,6.05387139172058e-05,5.5439790029385e-05,5.74107869803812e-05,6.14004994522622e-05,6.14102913488353e-05,5.94918430240781e-05,6.36523701847228e-05,6.43754368799155e-05,5.41994744877025e-05,6.19681664481775e-05,6.8406428711795e-05,7.03215453949239e-05,5.37609764881521e-05,6.30048419691239e-05,6.60727005414533e-05,5.70242121476129e-05
"COVHA-20200315-P10-B12-P",0.00121753206578497,0.000825960776190126,0.000835104198524732,0.00094124495976242,0.000950722233089564,0.000845511471414489,0.000893923435930779,0.000890680510314952,0.000851243570516319,0.000847009413748269,0.000831480473621956,0.000845101880883152,0.000850464983503024,0.000900987831412398,0.000893239171317592,0.00095633496721622,0.00101676877637552,0.000980895052980547,0.000988752417799839,0.00108617418414772,0.00109878684238712,0.00111984824921422,0.00128429725961206,0.00139241449294602,0.00129796493974544,0.00111089783634298,0.00128902443562416,0.00135104325179348,0.000893923011015064
"COVHA-20200315-P10-C03-P",8.96125274145301e-06,6.17496529647988e-06,6.18579240089553e-06,6.41697955339214e-06,5.52158248554036e-06,5.38344660833135e-06,9.47519223592774e-06,8.30654003988957e-06,4.75205995632939e-06,4.15911584202025e-06,4.86360679933103e-06,5.38369378543661e-06,5.18444490832425e-06,5.63232183800643e-06,6.19318968651765e-06,7.51005948765526e-06,6.48197961419509e-06,6.417558059394e-06,8.69728466544898e-06,4.45942121500639e-06,4.71752553011054e-06,6.82332669889826e-06,7.67592107022108e-06,6.0878448518631e-06,6.27595357584544e-06,7.40540280080701e-06,4.43317651381895e-06,5.25451256421033e-06,6.2569585721736e-06
"COVHA-20200315-P10-C04-P",0.00648549827040007,0.00488394572278657,0.00474275445171848,0.00521770904522325,0.00544649120828273,0.00526292186242377,0.00510554941645907,0.00543297871303359,0.00510118015353626,0.005039069831254,0.00499762861001215,0.0051041558388851,0.00514592160240823,0.0053297244726754,0.00551586210858492,0.00564761463544425,0.00607235626168251,0.00598825994790869,0.00617764908570298,0.00617136954880937,0.00633156635561822,0.0066283053755184,0.0068213001412019,0.00677276012804636,0.00651773211524276,0.00590681402019581,0.0069030379663058,0.00753746784219678,0.00512490880916485
"COVHA-20200315-P10-C09-P",0.0240028196685952,0.0122757234316094,0.0138527894604884,0.0138066532635355,0.0128134157395851,0.0118561638082296,0.0118446136628199,0.0120426650226613,0.0104954917009877,0.0107579362018445,0.0111386846355782,0.0118401230684791,0.0119536738164722,0.0115183430422813,0.011517782184211,0.0116734892604652,0.0120754665210787,0.0124807037476144,0.0145239218110082,0.0169140683144838,0.0171917902280884,0.0227719092060082,0.0243674042116903,0.0211481911049124,0.0263461444579446,0.0267219589256024,0.0298321881483101,0.0324558197974978,0.0129216814832384
"COVHA-20200315-P10-C11-P",1.50048883112702e-05,1.42863308601486e-05,1.43273323393197e-05,1.48160261557526e-05,1.4499765388858e-05,1.55296320120601e-05,1.43097566954874e-05,1.47636994671245e-05,1.2546096009271e-05,1.3489763882342e-05,1.6313802178922e-05,1.8221732812247e-05,1.87216066133931e-05,1.61972982049502e-05,1.63843962445731e-05,1.55565517958573e-05,1.5061687258874e-05,1.58755113265275e-05,1.44350766322382e-05,1.56783861664435e-05,1.44239386783468e-05,1.68405510015361e-05,1.60177896305527e-05,1.77398489769344e-05,1.53812304850638e-05,1.41739159846812e-05,1.62997601114151e-05,1.69187851358262e-05,1.46082816711636e-05
"COVHA-20200315-P10-D06-P",0.00157926449476118,0.00146972780279631,0.0014465049561754,0.00131664126222444,0.00117142841431037,0.00131985160738316,0.00118549338648898,0.00121990160480159,0.00127493328987528,0.00127167703130192,0.00125040495524326,0.00122016588126857,0.00122021671411754,0.00120960233560142,0.00115893915237839,0.00116132715575634,0.00107196000085755,0.0011649124827457,0.00113026448704391,0.00123709038631872,0.00135756190431977,0.00148656576498905,0.00138737892110758,0.00140792867821367,0.00156302109384006,0.00184493185190561,0.00189632483845662,0.00191040661057928,0.00130823773334409
"COVHA-20200315-P10-D09-P",0.000902012608795209,0.00082723019414306,0.00100586910946251,0.00100116875387223,0.00102012358693221,0.00109466597486394,0.00104470920711217,0.0011493430326137,0.00114414476083499,0.00118436296122371,0.00133690300262508,0.00137346311072312,0.00134968382446708,0.00113282259427245,0.00107961401388984,0.00105241881800346,0.000980436126887541,0.00101089583252649,0.000930810785236963,0.00101139673156345,0.000989908023072708,0.000987156321495216,0.00105454537552393,0.000934058690228328,0.000989568696407793,0.000959861336892123,0.000867111414278688,0.000773084135776903,0.00104419218087049
"COVHA-20200315-P10-D11-P",0.00666821404577377,0.00576580392002288,0.00541666504922394,0.00588839435633005,0.00569489508376027,0.00578497294316738,0.00559289844869909,0.00599713383619559,0.00586790611790887,0.00601178304880649,0.00633239424283304,0.00660427379699637,0.00663731358770284,0.00626784714651664,0.00642554172311258,0.00644858368761186,0.00636154904796501,0.00645377718233675,0.00671895439311022,0.00639509166997485,0.00641735852344457,0.0067709661351521,0.00649652806523537,0.00571687908008344,0.00611226436044921,0.00633639606681699,0.00694105581337885,0.00747746950724374,0.00578956483599166
"COVHA-20200315-P10-E02-P",0.000402735370299022,0.000343409829606674,0.000368265779689722,0.000357620669381405,0.000350867387861654,0.00034335885075089,0.000323278598260008,0.000327810549951567,0.000317746735626675,0.00031144116127549,0.000307148764820533,0.000315153151593635,0.000318555337144812,0.000302221294152407,0.000295264755356163,0.000283336330703698,0.000296849493593769,0.00029593338128873,0.000301083083730994,0.000303616172828014,0.000311711543102392,0.000314889268295964,0.000355931408530114,0.000357415407431962,0.000376248561096177,0.000355428114359475,0.000345653429395641,0.000351120690638225,0.000347173886068896
"COVHA-20200315-P10-E06-P",0.000267795576110863,0.000221696315034595,0.000231348635793493,0.00024040284334325,0.000245968543365016,0.000236370309840748,0.000229967348404439,0.000233272720667389,0.000208811105139886,0.000211430842837437,0.000215481772095922,0.000241437959762273,0.000239132521396456,0.000216135977612815,0.000217527614223132,0.000219962406787936,0.000221771807382752,0.000211380986634807,0.0001866091008427,0.000205039493338399,0.000198616174420362,0.000200973587095918,0.000190531081907405,0.000177071186282685,0.000178761792426745,0.000172197469174246,0.000163400617160862,0.000157411780646982,0.000233794280394542
"COVHA-20200315-P10-E07-P",0.0320331962313764,0.0236651134298094,0.0244973973296994,0.0271178587323661,0.0271391951665055,0.0268210830140955,0.0259721252865882,0.0284123791519888,0.0277602517019815,0.0275716271574832,0.0275563673489631,0.0278164414419078,0.0279605034585648,0.0294836218246769,0.0288032268106264,0.0293016323326374,0.0296969693409916,0.0286735972341036,0.0294651320925274,0.0300446697876043,0.0290896401031084,0.0310309896625633,0.0329864471273794,0.0344158307008314,0.0353270597461006,0.0322995884300659,0.0341176816707899,0.0345629538678392,0.0265371916023139
"COVHA-20200315-P10-F04-P",0.0125106903316679,0.0116067186548542,0.0119611593280253,0.0116701079268792,0.0109720914306723,0.010839062436605,0.0103716645539805,0.0106099906111021,0.0102230621876435,0.0105605423749739,0.0106766419896418,0.0109306239273163,0.0109366585402893,0.0104661658512205,0.0102099169033678,0.0101091139287501,0.0101488291887612,0.0102730780048016,0.010316288232443,0.0107808620230197,0.0100634212860304,0.0103930879797325,0.0104971900871403,0.0093326006972088,0.00981947528192535,0.00926434622428514,0.00888274234687081,0.00929336942376034,0.0113026533592099
"COVHA-20200315-P10-F06-P",4.49104643205378e-05,3.49197514849716e-05,6.3613651911964e-05,6.56211124048755e-05,7.19713586987201e-05,7.48907849682282e-05,8.5553782527909e-05,7.41319516767503e-05,7.84500970645243e-05,6.84065105595436e-05,9.22776698115228e-05,0.000107397788847941,0.000108729330716245,7.15409823523177e-05,8.26505917742204e-05,8.33965908222183e-05,5.73938389140381e-05,7.44825677802395e-05,8.9972604559934e-05,7.75939291411112e-05,6.04719976138505e-05,5.88451437295055e-05,7.37098721948627e-05,9.00084588313092e-05,5.13393579401127e-05,5.28555941895711e-05,3.3898127484454e-05,4.39366688879715e-05,6.83798732433804e-05
"COVHA-20200315-P10-F09-P",0.000779003784826776,0.000821033713288056,0.000826340375278913,0.000917340211631746,0.00103805750728159,0.000960043999589521,0.000962299969376012,0.000946632110206283,0.000863049726393982,0.000964942237952923,0.000917171554853219,0.00100661269444625,0.00102111962840203,0.00102488142016581,0.00099494573135802,0.00104563231906445,0.000981967468349794,0.00103811709320858,0.00109813285202989,0.00115569421382587,0.000917537841599729,0.000998770494599724,0.0011223318200436,0.000858713427599356,0.000807180225890088,0.000736587818046206,0.000778179206637835,0.000777816923689348,0.000920368075525251
"COVHA-20200315-P10-F10-P",0.0274008537677248,0.021457488031863,0.0212599906473782,0.021962265449502,0.0200527154009168,0.0192707096207455,0.0183634351001764,0.0192047205722247,0.0197323781243376,0.017961579565432,0.0178206697007722,0.0181530562056251,0.0182814328394405,0.0186655757920429,0.0181231225726118,0.0186044258552037,0.0176638979034089,0.017851972169427,0.0184048435017241,0.0218953356941979,0.0185294174559424,0.0212613892089911,0.021466501894901,0.0217796904520729,0.025539864471297,0.021917700736571,0.0239805742683121,0.0256107923663336,0.0206580323940885
"COVHA-20200315-P10-G05-P",0.000301296073278039,0.000401501837622338,0.000411329266188411,0.000480508826417441,0.000486819522475141,0.000492555522940543,0.000489343809552847,0.00047362950944427,0.000517744331643403,0.000561261737838944,0.000543197268807796,0.000594345989569162,0.000609532307624511,0.000528135122409463,0.000475259585023597,0.000481005587484259,0.00046112257566096,0.000485462416719081,0.000446138491172105,0.000433972096134043,0.000463027218181026,0.000538800847273285,0.000406438268174811,0.000230487115305483,0.000256902558670263,0.000273875023312814,0.000202000598523609,0.000269209920311031,0.000475657150616729
"COVHA-20200315-P10-G06-P",0.0270439145669592,0.0286044832313546,0.0308019495365575,0.0335278695659068,0.0354205027355962,0.0351013491120124,0.0346991513566238,0.0355234043348165,0.0330217357742522,0.0324855951622259,0.0327832397754226,0.0334225922154273,0.0335555996073359,0.0343416480892606,0.03475365840729,0.0358157481506291,0.0374037494203453,0.0358767061401825,0.0356359964908872,0.0342709806262558,0.0331084500045933,0.0340057665337312,0.0331950989909914,0.0305725676997805,0.0294283321339575,0.0252116313951889,0.0273918364263546,0.0288180946630624,0.0332405420556101
"COVHA-20200315-P10-G10-P",0.00188462439195686,0.00177643208956049,0.00184126963337171,0.00193973897262454,0.00217376397636538,0.00216325028489593,0.00206350016177783,0.00225674587438449,0.00212068486030366,0.00202828040069469,0.00203870183486219,0.00199907593727693,0.00201142061207125,0.00217048168867014,0.00216671029767244,0.00211697598796953,0.0021400182275784,0.0021212187545142,0.00214992045105085,0.00207381863008176,0.00199160985997069,0.00193661497278872,0.00219920396142019,0.002342183750534,0.00225643680060735,0.0018186570331992,0.00199183964152708,0.00193373515572251,0.00198752936480527
"COVHA-20200315-P10-G11-P",0.00112708593346426,0.000989844785469872,0.0010772538945823,0.00116977039375474,0.00123799041780984,0.00122368964313323,0.00117276282849948,0.00119012344239444,0.00112413349105349,0.0011285158860029,0.00108783399074903,0.00107874038682806,0.00107980466451709,0.00113751911108458,0.00114418011813299,0.00118958344269909,0.00122947839866658,0.00117027230581082,0.00114651149798145,0.00118742651636633,0.00122004394771637,0.00129168961877299,0.00132250161562366,0.0012436223279107,0.00129688465265452,0.00116412182746784,0.00113251987081813,0.00109032999009692,0.00114841740591884
"COVHA-20200315-P10-H01-P",8.8570521281803e-06,8.69228564382533e-06,6.46730151614587e-06,6.6598652280766e-06,6.27350530369321e-06,8.39149216331916e-06,6.85704701284245e-06,7.1781044118291e-06,7.21852706169067e-06,6.59438761794001e-06,8.04785160965538e-06,1.1664669868446e-05,1.14489825058827e-05,7.44271100022278e-06,7.7905282029498e-06,7.94669085321661e-06,7.1952071445596e-06,7.11006617223327e-06,8.37516301117309e-06,8.68413605027561e-06,8.28698068784904e-06,6.8717190868337e-06,7.99136988132605e-06,5.30231648388076e-06,5.04133975764634e-06,5.33863355370151e-06,7.47818664452288e-06,7.11781489194449e-06,7.01012199248081e-06
"COVHA-20200315-P10-H04-P",0.000236795893662232,0.000210379131250802,0.000186240504141932,0.000194437479056358,0.000190539486665659,0.000196585326369421,0.000177798380625925,0.000200736160058313,0.000194045188735789,0.000198214704997334,0.000206474285063977,0.000210585253068809,0.000215298476054021,0.00020327959080867,0.00020767268945801,0.000209108998558268,0.000205640278828332,0.000215075944305367,0.000213304932940815,0.000196683946219756,0.000206924029114981,0.000206732281260237,0.000209668309781107,0.000195138338746278,0.000215465832396956,0.000206383455965492,0.000236928655905213,0.000255980473784119,0.000193016539755007
"COVHA-20200315-P10-H08-P",4.55877683068104e-05,5.34446473744112e-05,5.21014107251476e-05,4.7785507552737e-05,4.83475149343656e-05,5.60427534947133e-05,5.30832407135601e-05,4.73316055103142e-05,5.21904439494446e-05,5.11954325027625e-05,5.4481120110892e-05,5.42510681455535e-05,5.37886159238641e-05,5.36032617160581e-05,4.54167243677961e-05,4.98757771289796e-05,4.66534713979608e-05,4.3471485302547e-05,4.07886544726843e-05,4.17307943172704e-05,3.89717706403379e-05,3.54716203566838e-05,3.52952169758567e-05,4.07820144377496e-05,3.48006770004872e-05,4.94838256293386e-05,4.66603022969631e-05,4.35640084224246e-05,5.07114196941232e-05
"COVHA-20200316-P11-A03-P",0.0120080265732404,0.0115041755029273,0.0115163082527183,0.0124575492813834,0.0121135888277288,0.0126568410768483,0.01229246887479,0.0128867975633188,0.0124685996128206,0.0123794988533564,0.0126739704518657,0.0130709182938881,0.0131247823163193,0.0132790558255538,0.0133722081313405,0.0132011376567457,0.0133558987336058,0.0133860917002642,0.0138084694842581,0.014819736346813,0.0154449698455142,0.0159593256172316,0.0152879812811273,0.0137583329831186,0.0138876564184975,0.013635107368756,0.0131921929343495,0.0134263230508609,0.0122746131290262
"COVHA-20200316-P11-A06-P",0.00261157997045392,0.00254309598645759,0.00273251267598505,0.00266378416744752,0.00244962986879845,0.00242705110539288,0.00235044333717988,0.00234169200083015,0.00214046592648866,0.00213816861925754,0.00219230893211639,0.00226543073622565,0.00227237100579023,0.00206070388787719,0.00205739069148644,0.00198013571800261,0.00199284162895966,0.00194050259630066,0.00188523711425303,0.00205917295198616,0.00191329058656815,0.00207777556839642,0.00202483086861494,0.00174996082177265,0.00191822977778443,0.00180781742167964,0.00186520304373839,0.00191104013337071,0.00252955280507323
"COVHA-20200316-P11-B03-P",0.00080437663415868,0.000658591246429439,0.000673829108024737,0.000730084352215749,0.000723035514661429,0.000772112772535045,0.000766867203199889,0.000829431532058558,0.000770392778802577,0.000791736953216158,0.000866899744662824,0.000866015460588117,0.000874227022666177,0.000847340840489523,0.000774316851711172,0.000708690131851694,0.000740225290116835,0.000725236235980298,0.00071563352018067,0.000789411437608027,0.000707065231333779,0.000738177485567333,0.000816767071686584,0.000786706660534309,0.000868756590072769,0.000882878865449332,0.000805942534300136,0.000798425047434087,0.000737001293598565
"COVHA-20200316-P11-B04-P",0.0254397461256258,0.025749067397358,0.0263674623823073,0.0283467313069607,0.0282609517839032,0.0284011305619852,0.0274782375682534,0.0276996466711321,0.0269424040960718,0.0274593036671444,0.0280084864922372,0.0291383453313781,0.029304858825765,0.0288670487544011,0.0302740112789847,0.0294151190621378,0.0293583960368715,0.0298806009291324,0.0291838997557412,0.0290982867232281,0.0276364126257599,0.0292002572345773,0.0279048822292894,0.0247746482764002,0.025400661763295,0.0234767565666957,0.0245584992792954,0.0246865571457309,0.0277420119199563
"COVHA-20200316-P11-B07-P",0.00354172674483276,0.00299292176852555,0.00305429981912002,0.00338145436295717,0.00320014984587266,0.00343634588260097,0.00325234588236197,0.00347366966294537,0.00345295528882157,0.00341791761880549,0.00345501466868173,0.00353763899075344,0.00358691581476756,0.0037352701337205,0.00361637440120239,0.00362614863989579,0.00339139690688324,0.00364278714499087,0.00364913502786101,0.00383575942276876,0.003500132581254,0.00391266974174483,0.00385180523293126,0.00362907559938106,0.0038116129524776,0.00352517154169141,0.00365275832914383,0.00384525974769843,0.00330392716050597
"COVHA-20200316-P11-C03-P",0.00207015358388892,0.00191335710400927,0.00207554448233689,0.00242564825706799,0.0024813789680903,0.00236278397337679,0.00237584904267797,0.00235106428562988,0.00220970787969317,0.00224406189760372,0.00220098927070892,0.00225431824007878,0.00226826665357114,0.00247837903386737,0.0025749563942932,0.00259791919954443,0.00268425278780713,0.00264961667422931,0.00257727522325799,0.00275249559772979,0.00247248435394041,0.00284687578985451,0.00291439651593097,0.00268978005336618,0.00258859935994533,0.00210171700383072,0.00233341813089487,0.0024847136540335,0.00231575774578416
"COVHA-20200316-P11-C04-P",0.00531938920726518,0.00585808415053369,0.0065230180965616,0.00762149759156964,0.00895167481829561,0.00821878021437028,0.0086628745857599,0.0078062042205812,0.00688746140369504,0.00717269625821039,0.00695399808762108,0.00709619156121184,0.00712803569951159,0.00750178041279094,0.00774169261368718,0.00771552573310656,0.00856504452574586,0.00815256124481274,0.00762496181096794,0.00775779691072891,0.00734865233550599,0.00757229568697519,0.00785916177960517,0.00738841798645252,0.00679019595224658,0.00539752086720439,0.00571678262259289,0.00557798184830498,0.00754610943379202
"COVHA-20200316-P11-C05-P",1.64636968970881e-05,1.29523662316407e-05,1.460884145457e-05,1.88311362594872e-05,1.96397751010074e-05,1.38226855264916e-05,1.71218386017642e-05,1.93714782817047e-05,1.67062038603137e-05,1.97558002495962e-05,1.79495443760064e-05,2.03614059833821e-05,2.09537981711439e-05,1.78852455880794e-05,2.12791645639324e-05,1.85755458091672e-05,1.82921884258192e-05,2.01111945098526e-05,1.93272992565533e-05,1.90112167587115e-05,1.37977184752348e-05,1.65985890618589e-05,1.66136373848621e-05,1.74125454902751e-05,1.59470951517384e-05,1.36369306213849e-05,1.41951207563698e-05,1.59126018788497e-05,1.73952239172846e-05
"COVHA-20200316-P11-D01-N",9.66981691170743e-05,7.93924109547413e-05,8.05560557692671e-05,9.14839388759069e-05,8.75597287646054e-05,9.62932678257406e-05,8.73130652968605e-05,9.82052450753737e-05,9.11277379860813e-05,8.96125288330022e-05,9.55273443097305e-05,0.00010180702991691,0.000103256861090791,0.00010264119424044,9.49061948944484e-05,9.88034404355974e-05,8.47482124315475e-05,9.56894429343789e-05,9.3697136187499e-05,0.000103599396015991,9.52480928933379e-05,0.000112802656277531,0.000112650275432377,0.000104475272941651,0.000108954669456071,9.20805017736096e-05,9.92762861730971e-05,9.93512801147854e-05,8.89576283956855e-05
"COVHA-20200316-P11-E04-P",0.00481130701694745,0.00300047372956759,0.00321921971184905,0.00342213021699538,0.00352052508004892,0.00312208867892572,0.00352820696158166,0.00314419780498582,0.0030157822159533,0.00301514008463089,0.0030306595229661,0.00289980932060959,0.00289889677172536,0.00317224785011258,0.00327926124494789,0.00345349212277096,0.00364526395313239,0.00366521776735811,0.00404186172223349,0.00430315370737738,0.00483385636984198,0.00543514265858198,0.0054521121015347,0.00556841421853478,0.00545521831907637,0.00542609972776028,0.00514754484639424,0.0054221352416133,0.00330224620429187
"COVHA-20200316-P11-E05-P",0.00289104601525132,0.00307545545102484,0.00339217002249732,0.00364503029881847,0.00381423511100233,0.00370866949883705,0.00396312382625883,0.00384310694939872,0.00370486379584914,0.00377357674850667,0.00371581740458487,0.00388854539081959,0.00386399559264578,0.00365280559550534,0.00381748959569821,0.00395052831896226,0.00409896057156544,0.00414962244908293,0.00396706910063131,0.00396287639803442,0.00394051150208914,0.00386776160574073,0.0036450460621859,0.00350384928538521,0.00335187363192571,0.00333173817460355,0.00305163750569428,0.00336191912388419,0.00364674719178712
"COVHA-20200316-P11-E09-P",2.77694634371771e-05,2.1773745226612e-05,2.42097839115289e-05,2.90833106020329e-05,3.03462582132137e-05,2.96387980675981e-05,2.55857895610505e-05,3.03423802211815e-05,3.24751502205901e-05,2.97431507912896e-05,2.81783855817744e-05,3.19570541366301e-05,3.21147559598975e-05,3.10127534744888e-05,2.87053874912047e-05,2.64848111167643e-05,3.04380337223206e-05,3.06790580400299e-05,2.72998101998815e-05,3.33752471986268e-05,2.93279795124128e-05,2.90354327612692e-05,3.20355792611053e-05,3.77708223604839e-05,3.00165484549657e-05,2.97027834093077e-05,3.48384982601126e-05,3.40611665509804e-05,2.82115534786365e-05
"COVHA-20200316-P11-F04-P",0.0112756004625465,0.0106426925396135,0.00998265400096904,0.010070097045601,0.0102813661517342,0.0106272339587526,0.0102627691063684,0.0106290799804768,0.0105146808150674,0.00998546252200193,0.0101747962835763,0.0101042269312517,0.0101392621109173,0.010192272337244,0.0105620132817296,0.0105968311640822,0.0104916818580634,0.0107145708995616,0.0109871065774725,0.0107960240551507,0.0116598444498239,0.0108481699958775,0.0114025982747474,0.0113060443396724,0.0116874202677394,0.0127391785101754,0.0128351207169638,0.0124503625576403,0.0101888600874366
"COVHA-20200316-P11-F06-P",0.0347851344279087,0.028509298400443,0.0257057159418345,0.0250475282286529,0.0233747553024307,0.0242628954465317,0.0212849804114946,0.0245747576535598,0.0243008342693439,0.0238743373495525,0.0238964050879347,0.0234135462294334,0.0236209070517596,0.0236666840213312,0.023398048117721,0.0225745776352524,0.021897092091645,0.0244311881843127,0.0254032384299187,0.0244042530110364,0.0249504915525921,0.0248189072156777,0.0268066647183613,0.0271087803611624,0.029134854140923,0.0326849753324846,0.0307056582602147,0.031499461244765,0.0245596921409118
"COVHA-20200316-P11-F07-P",0.0165565917438207,0.0135903670885624,0.0130115068776974,0.0149586270340896,0.0150958830654524,0.0142379390533444,0.014733826958526,0.0148796775733418,0.0146748379954522,0.0148688391352224,0.0144138330922686,0.0144736466118551,0.0145311350038815,0.015702747113376,0.0156161791709393,0.0163777555930232,0.0171203765707106,0.0164899035755973,0.0163473317002437,0.0165191044186621,0.0156916588575268,0.0171296471270625,0.0168200811067963,0.0171425201137812,0.0160545065539217,0.0145273335259362,0.0156960868530031,0.0168965000399865,0.0144787090519527
"COVHA-20200316-P11-H06-P",2.19863294005417e-05,2.36671143767521e-05,2.27800139314416e-05,2.17247742356664e-05,2.21199981280489e-05,2.33242897398658e-05,2.70403146849868e-05,2.43240568715257e-05,2.57170303519002e-05,2.74994172449365e-05,2.97486980909754e-05,3.00934678262867e-05,3.00985829399936e-05,2.90187016436418e-05,2.67624260209247e-05,2.58236264774857e-05,2.49000317218433e-05,2.44512282307288e-05,2.28303722468036e-05,2.3705344353455e-05,2.29822814542111e-05,1.81955378637287e-05,1.78403827613814e-05,1.70852420036158e-05,2.03711280002852e-05,2.30279304632177e-05,2.00612432140494e-05,1.99000688602008e-05,2.3418155369899e-05
"COVHA-20200316-P12-B04-P",0.0203640821528055,0.0160194736459581,0.01684235699937,0.0187125360841154,0.019610158320155,0.019217292938767,0.0194437455412744,0.0202402483335749,0.0206289553602505,0.0210063807130416,0.0206412126860488,0.0203248244743272,0.0203323128377585,0.0227101863347855,0.0215316561434597,0.0221568087446833,0.0228530267551365,0.0219270219298109,0.0232047581394857,0.0236270463051747,0.0233553834512252,0.0235020535551782,0.0249326183814546,0.0285680956867816,0.0275565289799615,0.0245158919288484,0.0255618301173623,0.0258845860103708,0.0187737184926482
"COVHA-20200316-P12-C01-P",0.00246642851616503,0.00233177017063172,0.00266158719521119,0.00254850342962969,0.00270601310433131,0.0025874802016589,0.00269214592034308,0.00255857105945655,0.00237367861285758,0.0021790209873637,0.00214794760373146,0.00213629110709037,0.00213505522189892,0.00221121981774069,0.00229817779638745,0.00231271159155975,0.00251326697604239,0.00239207954755314,0.00240669167471551,0.00236983031620629,0.00264026962036089,0.00240800522366792,0.00257497359518202,0.0028207014480299,0.00263950145882483,0.00246934592516556,0.00251284983080267,0.00233311537664905,0.00254231619275112
"COVHA-20200316-P12-C04-P",0.000375539010234845,0.000387323084554811,0.00038314872212493,0.000394392361093203,0.000451928059167123,0.000446503777896325,0.000438560103797129,0.000471623401661051,0.00044396407896503,0.000404911817304051,0.000412752281064304,0.000405985728794079,0.000407050931482736,0.000425581386582657,0.000445274458487064,0.000459136593660572,0.0004760374219577,0.000443973591630005,0.000463875314760671,0.000445050237257638,0.000477451156859373,0.000405431426123189,0.00042918563244227,0.000494293725552884,0.000473062861339956,0.000412036362076268,0.000430734594812368,0.000435789148410465,0.000410767488933068
"COVHA-20200316-P12-C09-P",4.02735370299022e-05,3.80179919124737e-05,3.53071695600816e-05,3.71105322209257e-05,3.56994997693168e-05,4.07996020116997e-05,4.24998388593952e-05,4.05609917419513e-05,3.9874551536674e-05,4.49567587397321e-05,4.11770835746053e-05,4.09988988275557e-05,4.13315469080295e-05,3.96536447414925e-05,4.05499795311811e-05,4.47110518334825e-05,4.06749465110818e-05,4.05069813948446e-05,4.22382019169258e-05,4.36084453551678e-05,4.48582405495909e-05,4.35047567539683e-05,4.52844293275143e-05,5.28922434441439e-05,5.20081070916372e-05,4.59184925776853e-05,3.76596105870883e-05,3.80858995788862e-05,3.83364932756055e-05
"COVHA-20200316-P12-D02-P",0.000133012082842614,0.000145294566714734,0.000161845516865107,0.000175021618024482,0.000192929927863667,0.000192264245056304,0.000191526327271838,0.000188292022715535,0.000180496062770338,0.000175859457346475,0.00017572233175879,0.000176764612621835,0.000176487145420871,0.000193011973048081,0.000196892989762321,0.000187576834645157,0.000199619799380843,0.000197260461621639,0.000187031885513938,0.000192506172660434,0.000180455788530113,0.000180164860283675,0.000170097008921383,0.000174256376297415,0.000160011095062846,0.000137299664575839,0.000145533572423349,0.000147238149937553,0.000176701166861475
"COVHA-20200316-P12-D08-P",0.0161723519823776,0.0150486270986652,0.0149800482637007,0.0146410105349053,0.0138427644094505,0.0134103445516841,0.0131478404686264,0.0130775972207634,0.0132317080921053,0.013058200888524,0.0128949919375358,0.0127301580859561,0.012756110678394,0.0125178090474452,0.0124735417455314,0.0123686063944389,0.0122747926385353,0.0120745667122592,0.0120901920499369,0.0125409251646688,0.0124806938920631,0.0123981297890619,0.0127619022516666,0.0132739238228628,0.0139390214975588,0.0149077002396097,0.0152606951838732,0.0148259239613152,0.0141408867470268
"COVHA-20200316-P12-D09-P",0.000947391975875474,0.000844442640962517,0.000907200164567266,0.000914803405696152,0.000907615732425011,0.000897388320549319,0.000865525564463452,0.000849461264456632,0.000827466827620637,0.000803913312095757,0.000803214848456337,0.000800237766004514,0.000802148837204614,0.000806261623605802,0.000821629831744674,0.000816288575507885,0.000836636870397873,0.00082278975897184,0.000806834213547531,0.000832832117859405,0.000886372949491521,0.000881418953856261,0.000963766217661502,0.00106491462419472,0.0010388246435297,0.00097035752753981,0.000996300447029877,0.000955389635522413,0.000886904573338132
"COVHA-20200316-P12-E01-P",0.00020381639956142,0.000186346252379137,0.00019379680144602,0.000202086878514631,0.000227720386614023,0.000226009264040235,0.00023275172507026,0.000223775054131214,0.000209583931499565,0.000190005923730188,0.00020479492307497,0.000208721666758466,0.000206945759257276,0.000203069690615949,0.000213688397087146,0.000201424286524388,0.000213632622624475,0.000224799517122631,0.000234927348984084,0.000236302383119391,0.000247315232215706,0.000242494255944533,0.000275597111302047,0.000291234642429451,0.000274418642215963,0.000259126657869722,0.000254079227670795,0.000245024256097042,0.000207920622201654
"COVHA-20200316-P12-E06-P",0.0180968852092179,0.010180043484665,0.00988362946561243,0.00968525219053492,0.00921916855517133,0.00880167259747014,0.00878470838066485,0.0088614169145542,0.0105687457740169,0.00897299144051223,0.0082961572751728,0.00786626683767487,0.00794141750068424,0.0085040450871911,0.00836220725093604,0.0094415669467162,0.0082721597381297,0.00941086271546044,0.0109025093780183,0.0132829728548459,0.0131120073528271,0.0134757314836085,0.0166481264548762,0.0217403485729764,0.0225541052787097,0.0222992038611296,0.0234722814742882,0.0240732325515339,0.00949512886390312
"COVHA-20200316-P12-E09-P",2.69879588376317e-05,2.51301723564059e-05,2.14317334320848e-05,2.28372505974928e-05,2.32422709909636e-05,2.4219541393136e-05,2.45052851832693e-05,2.53898016313606e-05,2.48126590799344e-05,2.35592022367068e-05,2.30312501349487e-05,2.3329339736892e-05,2.34020082667414e-05,2.35000757433591e-05,2.34276315743382e-05,2.19812704605458e-05,2.25505763277014e-05,2.40670285242906e-05,2.41792566740839e-05,2.19215758674525e-05,2.48191940500063e-05,1.95505247259212e-05,2.4219458719282e-05,2.77553356687092e-05,2.79331376367547e-05,2.42829776495265e-05,2.61064839147116e-05,2.87693879402154e-05,2.31876921151047e-05
"COVHA-20200316-P12-F01-P",0.000518137549498548,0.000234842321292954,0.000236993634367723,0.000259704758009224,0.00025999695415145,0.000236800030634318,0.000242725611634395,0.000239604498358173,0.000238342937948078,0.000227355878495699,0.000213497071563459,0.00022142166235488,0.000222355081623685,0.000239907174438438,0.000243281194865257,0.000257113498406271,0.000275977099690455,0.000282249231250776,0.000328564087361406,0.000368019603427896,0.000380992371573352,0.000435531491419038,0.000508363284029619,0.00055497579197952,0.00054639377791674,0.000551827388977168,0.000621361184906583,0.000670267113332532,0.000247150457578318
"COVHA-20200316-P12-F02-P",0.000436808970839198,0.000298635952317563,0.00032831370972801,0.000360316400511545,0.000403008185072671,0.000394889535913122,0.000412046188680805,0.000392382144223916,0.000414136270104194,0.000402503908132355,0.000405075197685988,0.000425656917625482,0.000420804111725652,0.000428799856204375,0.000415588249099804,0.000423532424594512,0.000427684790855047,0.000393221284730142,0.000407504025262391,0.000439370342867998,0.00042361709339851,0.000407076767312994,0.000440752088849452,0.000524078342838881,0.000515296942370851,0.000518309511882116,0.000500545930014831,0.000501004729881161,0.000370974562923556
"COVHA-20200316-P12-F03-P",3.85021266042661e-05,3.84483030829601e-05,3.97224177887447e-05,4.24750071840185e-05,4.32860643226202e-05,4.2721408894053e-05,4.23336074166596e-05,3.57964857568071e-05,4.16010785104268e-05,3.95936883118639e-05,3.82545575158145e-05,3.18190107062343e-05,3.24027806770266e-05,4.55658335031266e-05,5.03768808135591e-05,5.31193244160068e-05,4.96951770421624e-05,4.83142988861695e-05,3.98424221132489e-05,3.91959654161088e-05,4.24994777845356e-05,4.30208328746138e-05,4.98409121545862e-05,5.39396146014537e-05,4.99761385158512e-05,3.45418956948266e-05,4.30779374373114e-05,3.96138074876282e-05,4.14477472153288e-05
"COVHA-20200316-P12-F07-P",0.0214592826986083,0.0238640247683667,0.0241777881781403,0.0271714974848199,0.0287732132321806,0.0264152952813899,0.0280719470186038,0.0264447008709924,0.0259886212664286,0.0262237999986264,0.0254976004098167,0.0255337552768827,0.0255183418820269,0.0268142860904818,0.0278914547760538,0.0293894576130246,0.0311695324638307,0.0285182999181963,0.0265524275641513,0.026261249887517,0.0256778463185067,0.0257168763662078,0.0248878597001456,0.0245136564761381,0.0219115145074583,0.0186609157282582,0.0206787981362926,0.021944297843958,0.0265066730403774
"COVHA-20200316-P12-G01-P",0.000406382391763567,0.00044020832740759,0.000431168250678948,0.00046637347986852,0.000494832550716352,0.000480821757938349,0.000496644140412985,0.000500962727990623,0.00048840981620364,0.000475479973597276,0.000489108726824205,0.00049985526146323,0.000502387112852477,0.000479088444043718,0.000505394170134767,0.000521899233664548,0.000520446324363043,0.000502111070664737,0.000485759454648039,0.000445003295981691,0.000441401747166891,0.000437128440220907,0.000424068351728789,0.00043858667212347,0.000400760789611671,0.000334379536921431,0.000379148540833384,0.000399641083252423,0.000467966330454159
"COVHA-20200316-P12-G02-P",0.00125494008594988,0.00155531669460605,0.00168308373500486,0.00170336023515076,0.00176232752209222,0.00166599170660354,0.00177608599728802,0.0017068529237438,0.00185854873634586,0.00193325007622537,0.00183722201597331,0.00183432110309953,0.00183392538014042,0.00168751009106109,0.0016020371203723,0.00164955587354517,0.00152804802924535,0.00169090085368463,0.00150163048921723,0.00154249032763274,0.00144116230143523,0.0012148425067315,0.00154394668101935,0.00145610775144992,0.00128271231486644,0.0012097031431895,0.00127053047703621,0.00121804073163982,0.00172221032465569
"COVHA-20200316-P12-G03-P",0.00322558208416336,0.0031939631473768,0.00343526314153446,0.00342400133626702,0.00348465723935016,0.00349355843158929,0.00341382587635935,0.00366446932038993,0.00353910076325482,0.00345299647742042,0.00343850457743915,0.00339269338883784,0.00340488419354195,0.00346146407815767,0.00344261012586514,0.00358303441134208,0.00360947671293234,0.0037147842726949,0.00387403634035575,0.00386650595851433,0.00385315378375502,0.00367511150936971,0.0040258628769254,0.00431857312437755,0.00413096639345177,0.00371593871401034,0.00412374974906654,0.0042604035063176,0.00343375637798
"COVHA-20200316-P12-G06-P",0.00183445179666605,0.00208548157220383,0.00236639525533277,0.0021165267593205,0.00186337697066906,0.00185397068041286,0.00197929008341203,0.00191078631808162,0.00182339335853745,0.00173922184967429,0.00174304688521317,0.00186607109209057,0.00190751569536691,0.00158125686433758,0.00164983584077337,0.00173532274892329,0.00193160894774983,0.00159736482638881,0.00116096670721709,0.00133688753898297,0.00118810671735766,0.00118692009889275,0.00137752990822753,0.00124368778860803,0.00115189469237976,0.000957576027090187,0.00110878670362294,0.00116877501809453,0.0020467857442506
"COVHA-20200316-P12-G08-P",0.000249247866948321,0.000185636238947834,0.000230459659640071,0.000247521492623508,0.000271163569137451,0.000245466066637973,0.000273464575920248,0.000240262752474542,0.000237109704395397,0.000226425549952089,0.000224074871104605,0.00023294828879293,0.000231787891109663,0.000224978023231176,0.000242870183785006,0.000250788581196568,0.0002818087836152,0.000251669780542045,0.000236195702997795,0.000206400790340875,0.000240510306008556,0.000301871715941328,0.000303742155226191,0.000324554137371368,0.000264207357094608,0.000229692367142063,0.000228510098485031,0.000238539963996527,0.000242872631905564
"COVHA-20200316-P12-H01-P",0.00093301229124384,0.000873983502816408,0.000970480450421696,0.000965035761527192,0.000966355494069966,0.000970094691483568,0.000949070717058306,0.00103975939495538,0.000978348842012604,0.00095539268907881,0.000985262050043853,0.00105334039563523,0.00105705071186389,0.000952693245552606,0.000979551498170417,0.000962547607789064,0.00096503880314379,0.000945672003350791,0.00093068998961661,0.000977176541397769,0.00090874988474939,0.000930295265671064,0.000961172527436861,0.00103192243273946,0.000978971594468251,0.000876672313692163,0.000968044544199374,0.000972941943449669,0.000963956517509339
"COVHA-20200403-P1-A02-P",0.000378977630472844,0.000515233079981894,0.000532852306361214,0.000438252716199496,0.000434936848022594,0.000427572189601838,0.000389840438455378,0.000432378918151837,0.000395160916506948,0.000378780530270305,0.000472424156413944,0.000413923226041838,0.000423468340359096,0.000404224041973322,0.000350994121373907,0.000337491095215179,0.00028306742043349,0.000330520841280674,0.000320913698072354,0.000329246109495314,0.000350077967546388,0.00033279445183208,0.000263399757272655,0.000260926339564799,0.000241752818276112,0.000374022793567572,0.000320711214060316,0.000322053174325572,0.000450534279934305
"COVHA-20200403-P1-A03-P",0.00563402295904213,0.00570048268434305,0.0057572614461384,0.00562286334071698,0.00586949829577254,0.00561275039845562,0.00572149232227528,0.00547962071899342,0.00552353798065833,0.00555343206545332,0.00553478453763871,0.00567220455496386,0.00566674229715697,0.00518805058843027,0.00564738565426542,0.00582694537487123,0.00589537094775059,0.00590942785999507,0.00607370445438883,0.00585024428005297,0.00679816302895699,0.00625950698706234,0.00599769834527471,0.00573664821067766,0.00610094706711572,0.00693729517637724,0.00681809113957131,0.00653236530057042,0.00566258195850984
"COVHA-20200403-P1-B03-P",0.0380396842825618,0.0511892144054238,0.0517426940309726,0.0514669557098152,0.0537779576407086,0.0538978140902989,0.0557385802219575,0.053187622202134,0.053480636449145,0.0550167022704312,0.0548653450480391,0.0537225688722832,0.0531424324709849,0.052861378230728,0.0535497649180091,0.0526316695565841,0.0531239764398291,0.0516771230253232,0.0501904997264482,0.0463028276532746,0.0480111757762328,0.0446620607114446,0.0417013864816445,0.0413894897089892,0.0403834206385351,0.0408796154930043,0.0360226041849097,0.0353613416492268,0.0526825291460018
"COVHA-20200403-P1-C03-P",0.00126093162121306,0.00265923697137187,0.00229354365955983,0.00187238467602253,0.00186686723927273,0.00250635846518391,0.00234184086001832,0.00183803356550583,0.00241509881711362,0.00272274329589518,0.00260996843977195,0.00238718504183475,0.00232630363407266,0.00252331516679233,0.00231932618469857,0.00232816834190062,0.00186087355856192,0.00221081317741434,0.00195547976748856,0.00197050088172146,0.00243127906457564,0.00206262875097263,0.00164324295678162,0.00144478305081151,0.00172308363114534,0.00266894213589962,0.0019591953417435,0.00181511732953895,0.00215741998610109
"COVHA-20200403-P1-C06-P",6.11657599910804e-05,0.000117474949542788,0.000154978176079922,0.000160973230544276,0.000186353408886987,0.000217044810818823,0.000205711410385273,0.000145160705376334,0.000213004099219,0.000175640556512684,0.000140891927908872,0.000130105933148051,0.0001357316479471,0.000134353615023998,0.000205626975217667,0.000207562076005994,0.000182796020576363,0.000198190130047095,0.0001653289390571,0.000187154867202426,0.000227255311709351,0.000221056428089129,0.000168554814733759,0.000199655126862177,0.000203531232154365,0.000185397318685971,0.000159997370544193,0.00015819436762463,0.000169136269920598
"COVHA-20200403-P1-D01-P",9.64376675838926e-05,0.000135203769766828,0.000148355303736927,0.000129041260794709,0.000129925529339636,0.000166958464990534,0.000145840385760011,0.000175597121899854,0.00016346099662931,0.000137360273203564,0.000140608399261377,0.000138664625832592,0.000143220290592457,0.000140073395275638,0.000153204380163765,0.000141693115715595,0.000122800998904524,0.000139891381999784,0.000131989347839545,0.000110875293787843,0.000148017582008911,0.000121222931778299,9.35831472944762e-05,7.63926337862821e-05,0.000101135448607476,0.000110993625790173,0.000118800174658199,9.97984726734416e-05,0.00014095322736008
"COVHA-20200403-P1-D02-P",0.000868564211934669,0.000985326518179765,0.00109109969817185,0.00108741715709382,0.00109763897357373,0.00115499399960564,0.00123371435750252,0.00135051802874959,0.00132806099132476,0.00137439624755813,0.00125707878340736,0.000904460555953351,0.000907709896032438,0.00121524340328079,0.00124256122488775,0.00133494426188541,0.00133717575575162,0.00120579892064073,0.00104123811484342,0.000968727111727231,0.0009848356394275,0.000981929943598188,0.00103782658853537,0.00112585853341068,0.000943296399346539,0.00104106476305106,0.000875798649063344,0.000977003942524129,0.00112733120606008
"COVHA-20200403-P1-D03-P",0.0213469023371937,0.0280179906215402,0.0283466196252094,0.0231732484446501,0.0226972503978177,0.0231728370335099,0.0221311954233602,0.0213918168920106,0.0212102029982999,0.0207883554825862,0.0211781505147157,0.0208426944034571,0.0208299475427783,0.0184539089393667,0.0181314548881478,0.0174568213995078,0.0171891820501104,0.0167414784920143,0.0164739053777707,0.01569406455261,0.0171431329183066,0.0153047701780167,0.0150113677236562,0.014734221058942,0.0153276791106994,0.0182299787301971,0.0153136246246745,0.0140088658906037,0.0237307668954783
"COVHA-20200403-P1-E03-P",0.0012111237280687,0.00161689422310266,0.0016003422795251,0.00142876748485995,0.00144900016149506,0.00149064174944969,0.00159500454566806,0.00146878435165715,0.00146896203549703,0.00147820996798329,0.00153293034752368,0.00154104783522363,0.00152357874743379,0.00147612310530858,0.00151442637215232,0.00150980888620179,0.00147732496546825,0.00157026214586303,0.00174674493551779,0.00166162728598733,0.00178769168783065,0.00163087186581255,0.00152074366846919,0.00132047318657831,0.00146736424405085,0.00183283719319973,0.00168648781680252,0.0016364639023558,0.00149362641454737
"COVHA-20200403-P1-F01-P",0.000695747494821881,0.000707216408694403,0.000666176504970695,0.000593708543763285,0.000584580711563641,0.000549266731003032,0.000573941761285027,0.000524785257916344,0.000559394739495937,0.000611882555653006,0.000605682620736422,0.000595657402157923,0.000597579281863652,0.000536321229925572,0.000520638944747734,0.000543119518030829,0.000510901661824341,0.000555182805421988,0.00054895569669629,0.000582588175783625,0.000593072280360622,0.000571320531965906,0.000535561981520448,0.000559819883582077,0.000559691597583593,0.000638375692705655,0.00058889600336599,0.000587797352307018,0.000602779018824385
"COVHA-20200403-P1-F02-P",0.00310293796234138,0.00374828999719738,0.00341796514721578,0.00292696728820531,0.00324454696032956,0.00353556363916073,0.00335081030694234,0.00318754854036381,0.00335401707166851,0.00329629084303062,0.00349501401787443,0.00343555587397573,0.00340546024297621,0.00306800616690265,0.00332419222894812,0.00319127627497856,0.00312618115198916,0.00339624002720134,0.00385227299608874,0.0034955759959777,0.00443111328321387,0.00364114005303903,0.00349653977189125,0.0031171729462459,0.00354375319617082,0.0048936412759569,0.00437769463805509,0.00414245646897203,0.00322399442564983
"COVHA-20200403-P1-F03-P",0.00423945405130682,0.00583684829427019,0.00623529355637192,0.0058496645862779,0.00600006352064404,0.00624765093426612,0.00684313898213357,0.00600283870520412,0.00663897306438691,0.00697642429811295,0.00693175199374073,0.00717901761944933,0.00706913464485868,0.0064758319999788,0.00614350405161178,0.00622162270379307,0.00607860749121335,0.00630624923827072,0.00641505274490431,0.00593422222272293,0.00682909830699072,0.00575254833105058,0.00513845083369265,0.00452032299355435,0.00514725933479933,0.00655847073461927,0.00526016544166954,0.00495522894432967,0.00618684072087989
"COVHA-20200403-P1-G01-P",0.000545229708949452,0.000735746039297651,0.000766527096422828,0.000769281902085816,0.00087591152404767,0.000790578829969831,0.000897331180506859,0.000944814075027741,0.00082100468380459,0.000711947599299506,0.000738613936619483,0.000689595956542272,0.000663248917369093,0.000669319239538249,0.00085585584533653,0.000836685497870536,0.000830910072874652,0.00072752720460017,0.000540761727115647,0.000475609007899419,0.000751944345890141,0.000433740973065426,0.000546988238456028,0.000586789690882804,0.000559768760947231,0.000552401838435578,0.00038093972326321,0.000316947725947581,0.000795657755808484
"COVHA-20200403-P1-G02-P",0.0622458514479587,0.0731245414765534,0.0712380521975387,0.0643842845747878,0.0642225920485397,0.0656864401138058,0.0638011238048981,0.0645294973543356,0.0650923689464491,0.0654027533182698,0.067128002671974,0.0698611572981422,0.0696553215410734,0.0628074026585451,0.0602659848864687,0.0584691439849563,0.0568850559575245,0.0550108381077064,0.054037538245655,0.0509434421934381,0.0509902722744908,0.0458667408167096,0.0457196785871034,0.0456024092678732,0.0458711761759452,0.0482870975510901,0.0403697591625362,0.0401801395971198,0.0660017241051127
"COVHA-20200403-P1-G03-P",0.000373819700115845,0.000438508598284169,0.000437754082348884,0.000411280411955214,0.000440099303192002,0.000454226815491869,0.000449974662864972,0.000437989750858026,0.000424380330148461,0.000409399284396757,0.000444398440103897,0.000432213980569283,0.000432541118948664,0.000438105431414994,0.000440276937397641,0.000449667930618827,0.000448137639152264,0.000485187310756446,0.000488618284329738,0.000441858230493212,0.00047102196277409,0.000425175520400852,0.000394906861635529,0.000357939093010617,0.000386562730702382,0.000468376117111413,0.000473409516202969,0.000478756900088015,0.000429619145584259
"COVHA-20200403-P1-H02-P",0.00224828453227861,0.00256749462982417,0.00244137298573931,0.00226049199545971,0.0022038408890915,0.00218551220934059,0.00221200025062161,0.002218535790201,0.00292435850191458,0.00230789885325788,0.0021466390099738,0.00205374113571367,0.00204180721972837,0.00207862411683073,0.00190216862056508,0.00228687548990039,0.00180941628997415,0.00179785541146828,0.00177913829437591,0.00228956073433618,0.00189460835050864,0.00178030755975722,0.00174481747395742,0.00205618596389109,0.00214354679960577,0.00248576144284121,0.00241805150070414,0.00218610082299083,0.00232246018745195
"COVHA-20200403-P1-H03-P",0.0309090800153904,0.0462469615190363,0.0477236624738897,0.0485688018592401,0.0496052349091054,0.0538384768107202,0.053613546721127,0.0497538866222483,0.0538253992211324,0.0544926536743367,0.0510213726947867,0.047355867818998,0.0470477574503534,0.054894252851387,0.0572207851105631,0.0566812632948013,0.0508990841361373,0.055606129465198,0.0503793435462675,0.0505285751966147,0.0517921054965622,0.0529854062591779,0.0469678043830421,0.0449957849856988,0.0433067803910608,0.0464832700555401,0.043434158843043,0.0417180348063384,0.0499704126165289
"COVWC-20200312-P2-E02-P",3.54282085127212e-06,8.82137899497125e-06,9.40833095705069e-06,8.7978588830152e-06,1.3355047068685e-05,9.68065454402822e-06,9.19813983136845e-06,5.39141466740002e-06,1.08524552635896e-05,1.14375685655557e-05,6.01953128527069e-06,8.48967096934235e-06,8.78475387243832e-06,7.59139030339997e-06,8.67793848985655e-06,1.04167768641065e-05,8.831435008337e-06,9.80895052980547e-06,1.11937274860871e-05,4.64718631879614e-06,6.24132802434978e-06,5.46833983670569e-06,4.27608388386745e-06,5.89146275986751e-06,5.76153115159581e-06,8.42942140058133e-06,7.11995015855771e-06,4.36012744689793e-06,9.56897689365072e-06
"COVWC-20200313-P4-C01-P",0.0133752428199916,0.0209303998791342,0.0226745220945689,0.0218283814681565,0.0210788431476656,0.0195493716186867,0.0238746030895305,0.0213865195136455,0.0206707866423574,0.0224130374709796,0.0217303552705555,0.0207874080095835,0.0206839190111939,0.0193073718688106,0.0195423064680767,0.0193939551655936,0.0228116176038148,0.0191554479364219,0.0196266710689959,0.0182328365209511,0.0192183640493995,0.0191103475652604,0.0174053087511318,0.017933874483826,0.0157207235639474,0.0180689080972716,0.0172453700956809,0.0139720097705612,0.0217109524797682
"COVWC-20200313-P4-D01-P",0.00067032254518334,0.00110127386306733,0.00118601271881889,0.00120255396265999,0.00116239411776391,0.0010886976305088,0.0013513508084784,0.00117664490572594,0.00117351216250282,0.00126978901161047,0.00125105925212209,0.0011797191561626,0.00117384473465975,0.00116310069707242,0.00117594940640425,0.00120910710233062,0.00141720408011458,0.00118385684851748,0.00124043009280627,0.0011120857684707,0.00118211587741456,0.00113591452200879,0.000979153109669845,0.000914289559634106,0.000842366719708763,0.00102857048733064,0.00101828721135599,0.000870832975889837,0.00119449698937356
"COVWC-20200313-P4-F01-N",1.615109505727e-06,4.34614282191267e-06,4.54118651706462e-06,4.18602965258665e-06,4.26463687907588e-06,4.69111866313575e-06,5.30555354731042e-06,3.98087013232444e-06,4.29165276332862e-06,4.46010448848225e-06,4.60188804779752e-06,4.41738977266594e-06,4.53638929478372e-06,3.83067851715344e-06,3.36281792933085e-06,5.22710120486305e-06,5.53800200047736e-06,4.47284349594127e-06,4.36877493611673e-06,4.03694973147947e-06,3.73644721190171e-06,3.82299864690044e-06,3.29468758265197e-06,3.79672044524795e-06,3.06081342428528e-06,3.90875392352883e-06,2.86589188772134e-06,2.68315535193719e-06,4.40612480428933e-06
"COVWC-20200313-P4-G01-N",2.86551686499951e-06,3.98037832699922e-06,3.84482186355064e-06,3.65228088599609e-06,4.44420053714224e-06,3.52132316952938e-06,5.23629044617059e-06,3.60472492297095e-06,3.60104197382746e-06,3.6118637575439e-06,3.66406252146912e-06,3.38206404469736e-06,3.4562966055495e-06,3.6470158485228e-06,3.25072399835315e-06,4.00453338129126e-06,4.65695622767414e-06,4.19299432705417e-06,3.92585766148739e-06,2.86341783279358e-06,4.11217933376892e-06,3.91978342277134e-06,3.11943824314921e-06,2.94573137993376e-06,2.3406220303358e-06,3.3467924968234e-06,2.8211123269757e-06,3.01854977092934e-06,3.8751089543251e-06
